date,peggedUSD,peggedEUR,peggedVAR,peggedJPY,peggedCNY,peggedUAH,peggedARS,peggedGBP,peggedCAD,peggedCHF,peggedAUD,peggedREAL
2021-01-01,28286859559,3871222,,,,,,,,,,
2021-01-02,28825490421,4272046,,,,,,,,,,
2021-01-03,28995680791,5510939,,,,,,,,,,
2021-01-04,29328599685,5971796,,,,,,,,,,
2021-01-05,29771217419,7836686,,,,,,,,,,
2021-01-06,30127739312,8741463,,,,,,,,,,
2021-01-07,30572288380,9227459,,,,,,,,,,
2021-01-08,31287207603,10234225,,,,,,,,,,
2021-01-09,32091461906,11479322,,,,,,,,,,
2021-01-10,32635526891,12893978,,,,,,,,,,
2021-01-11,33213985553,13484953,,,,,,,,,,
2021-01-12,33242308163,12308875,,,,,,,,,,
2021-01-13,33094183820,14522591,,,,,,,,,,
2021-01-14,33057940569,15191351,,,,,,,,,,
2021-01-15,33143562570,14399881,,,,,,,,,,
2021-01-16,33209216892,16097614,,,,,,,,,,
2021-01-17,33508490208,17269795,,,,,,,,,,
2021-01-18,33637683527,20946217,,,,,,,,,,
2021-01-19,33772844566,25127913,,,,,,,,,,
2021-01-20,33765627274,26026432,,,,,,,,,,
2021-01-21,34385240012,26613069,,,,,,,,,,
2021-01-22,34659355275,27881975,,,,,,,,,,
2021-01-23,34728477882,28381619,,,,,,,,,,
2021-01-24,34795084938,30116650,,,,,,,,,,
2021-01-25,34995504795,32703786,,,,,,,,,,
2021-01-26,35116458419,37134737,,,,,,,,,,
2021-01-27,35209896604,37180968,,,,,,,,,,
2021-01-28,35631608360,34287419,,,,,,,,,,
2021-01-29,35983826178,34167643,,,,,,,,,,
2021-01-30,36114786223,33818869,,,,,,,,,,
2021-01-31,37189036128,33462610,,,,,,,,,,
2021-02-01,37453306779,32346749,,,,,,,,,,
2021-02-02,37455174618,30728754,,,,,,,,,,
2021-02-03,37775525374,33454972,,,,,,,,,,
2021-02-04,38253447749,35533869,,,,,,,,,,
2021-02-05,38838426182,34376956,,,,,,,,,,
2021-02-06,39480212754,33309673,,,,,,,,,,
2021-02-07,40163964280,33309745,,,,,,,,,,
2021-02-08,40455387483,34992364,,,,,,,,,,
2021-02-09,40941231921,34505662,,,,,,,,,,
2021-02-10,42236183550,34714906,,,,,,,,,,
2021-02-11,42969443515,34197081,,,,,,,,,,
2021-02-12,43704364849,34603051,,,,,,,,,,
2021-02-13,44196689759,34642369,,,,,,,,,,
2021-02-14,45007485132,34772409,1988,,,,,,,,,
2021-02-15,45669094215,35081438,2788,,,,,,,,,
2021-02-16,45760134565,34679162,7055,,,,,,,,,
2021-02-17,46045085491,35185733,285943,,,,,,,,,
2021-02-18,46060886037,36050407,6445214,,,,,,,,,
2021-02-19,47067029688,36231049,10675973,,,,,,,,,
2021-02-20,48196041875,36067723,13337513,,,,,,,,,
2021-02-21,49283001545,36067803,21418500,,,,,,,,,
2021-02-22,49544198003,34491125,26345980,,,,,,,,,
2021-02-23,50099331496,30982302,21926822,,,,,,,,,
2021-02-24,50258137160,29462367,26697904,,,,,,,,,
2021-02-25,50871818744,30615042,32540635,,,,,,,,,
2021-02-26,50846799711,30363180,35518810,,,,,,,,,
2021-02-27,51723172682,30216502,35171679,,,,,,,,,
2021-02-28,51561450529,30216608,35655311,,,,,,,,,
2021-03-01,51880451162,29801367,34731857,,,,,,,,,
2021-03-02,52444271964,28462889,32899795,,,,,,,,,
2021-03-03,53134802171,29846697,33378926,,,,,,,,,
2021-03-04,53176205105,29832797,35363406,,,,,,,,,
2021-03-05,53991293011,28305640,33210680,,,,,,,,,
2021-03-06,54226852464,28316584,34189343,,,,,,,,,
2021-03-07,54478787804,28351584,32608436,,,,,,,,,
2021-03-08,54560291244,27306549,33914495,,,,,,,,,
2021-03-09,54353292838,28731354,38243186,,,,,,,,,
2021-03-10,55022191572,27461329,43299118,,,,,,,,,
2021-03-11,55534535022,27487558,43522329,,,,,,,,,
2021-03-12,55951299162,27068920,44885907,,,,,,,,,
2021-03-13,56776118766,26927347,46211193,,,,,,,,,
2021-03-14,57060634697,26977347,47475287,,,,,,,,,
2021-03-15,57156528168,27495704,48339488,,,,,,,,,
2021-03-16,57434086212,27182852,48399710,,,,,,,,,
2021-03-17,57653471655,26259884,48503016,,,,,,,,,
2021-03-18,58110727996,74946069,48465523,,,,,,,,,
2021-03-19,58490225354,76905589,48719265,,,,,,,,,
2021-03-20,59180922842,76948515,48366492,,,,,,,,,
2021-03-21,59615642834,77685249,47883886,,,,,,,,,
2021-03-22,59838389925,78195554,43794560,,,,,,,,,
2021-03-23,60105703762,78172092,42858048,,,,,,,,,
2021-03-24,60081166805,78917751,42744405,,,,,,,,,
2021-03-25,60324993917,76858620,41188488,,,,,,,,,
2021-03-26,60893775806,76345643,40213969,,,,,,,,,
2021-03-27,61469534423,76436429,41160198,,,,,,,,,
2021-03-28,61933150371,76440223,41451127,,,,,,,,,
2021-03-29,62348408885,76816894,41104314,,,,,,,,,
2021-03-30,62006959113,77363951,39670604,,,,,,,,,
2021-03-31,62482827166,77009051,41022333,,,,,,,,,
2021-04-01,62450333057,77560420,35742712,,,,,,,,,
2021-04-02,62543957192,79467413,36285466,,,,,,,,,
2021-04-03,66243012737,79630983,36811147,,,,,,,,,
2021-04-04,66946355439,80104397,35424928,,,,,,,,,
2021-04-05,67581739594,78963595,35994681,,,,,,,,,
2021-04-06,67561727500,79004907,33544437,,,,,,,,,
2021-04-07,68098903521,79408704,32858002,,,,,,,,,
2021-04-08,67829912449,79305537,33792867,,,,,,,,,
2021-04-09,68995990679,79991070,33944414,,,,,,,,,
2021-04-10,69464627880,80890839,34545293,,,,,,,,,
2021-04-11,70271980651,80746086,34199276,,,,,,,,,
2021-04-12,70288183799,79976232,33595258,,,,,,,,,
2021-04-13,70281115052,79544095,34912670,,,,,,,,,
2021-04-14,71553679635,79482627,34346390,,,,,,,,,
2021-04-15,72442292435,80271595,34005785,,,,,,,,,
2021-04-16,73681978533,80650972,31587919,,,,,,,,,
2021-04-17,75297653233,80716071,32503159,,,,,,,,,
2021-04-18,76789308891,80612672,31920582,,,,,,,,,
2021-04-19,78448408212,80279983,31306394,,,,,,,,,
2021-04-20,78459116212,80425806,28426924,,,,,,,,,
2021-04-21,79819365520,80294735,30541056,,,,,,,,,
2021-04-22,80733173607,81984941,30856017,,,,,,,,,
2021-04-23,81304751188,84354108,27522477,,,,,,,,,
2021-04-24,81102542066,84083823,28457691,,,,,,,,,
2021-04-25,81425418634,84072001,28121920,,,,,,,,,
2021-04-26,82648675741,87185942,28650965,,,,,,,,,
2021-04-27,82805045435,93182434,28916890,,,,,,,,,
2021-04-28,83399606378,106280891,29788341,,,,,,,,,
2021-04-29,84040549029,106626916,29703578,,,,,,,,,
2021-04-30,84449980452,110131927,30090822,,,,,,,,,
2021-05-01,84793932781,121724970,29703049,,,,,,,,,
2021-05-02,85566636357,122827812,28992522,,,,,,,,,
2021-05-03,86160627407,128323654,29383669,,,,,,,,,
2021-05-04,86598567374,131176319,30146788,,,,,,,,,
2021-05-05,86946629537,134241331,26319537,,,,,,,,,
2021-05-06,88366833893,136055277,26331714,,,,,,,,,
2021-05-07,89507805413,144630486,25985214,,,,,,,,,
2021-05-08,90805250843,144354914,26129693,,,,,,,,,
2021-05-09,91798673348,144817903,29338013,,,,,,,,,
2021-05-10,92550893210,144743437,26552890,,,,,,,,,
2021-05-11,93020186727,145044305,26533436,,,,,,,,,
2021-05-12,93919692591,146477715,27004729,,,,,,,,,
2021-05-13,94927209001,150457318,24751451,,,,,,,,,
2021-05-14,95185432740,155510627,24619644,,,,,,,,,
2021-05-15,95743089244,157709055,25050420,,,,,,,,,
2021-05-16,96258450817,157693142,26950706,,,,,,,,,
2021-05-17,96754657298,158107435,25658984,,,,,,,,,
2021-05-18,96915627512,157704410,25840377,,,,,,,,,
2021-05-19,96717443861,157066842,25517039,,,,,,,,,
2021-05-20,95693536333,150490798,18125476,,,,,,,,,
2021-05-21,97047876290,149566409,17878000,,,,,,,,,
2021-05-22,98717112209,149097134,16298528,,,,,,,,,
2021-05-23,100301396590,149047972,15659258,,,,,,,,,
2021-05-24,100500442560,140459227,14486165,,,,,,,,,
2021-05-25,101088735711,137395918,15827458,,,,,,,,,
2021-05-26,101848266206,130510140,16241001,,,,,,,,,
2021-05-27,103622379061,130816246,17340571,,,,,,,,,
2021-05-28,103972249044,131910243,16186413,,,,,,,,,
2021-05-29,104791920446,132771743,16155726,,,,,,,,,
2021-05-30,104653380818,132726692,15589840,,,,,,,,,
2021-05-31,105057329098,138550206,15504063,,,,,,,,,
2021-06-01,105463230267,153233773,15932396,,,,,,,,,
2021-06-02,105973112799,161382704,15718787,,,,,,,,,
2021-06-03,106002330067,172762940,15690230,,,,,,,,,
2021-06-04,106501386473,187479561,15741707,,,,,,,,,
2021-06-05,107115526222,190960538,15719687,,,,,,,,,
2021-06-06,107392915851,190962150,15621333,,,,,,,,,
2021-06-07,108011045825,194256899,15690722,,,,,,,,,
2021-06-08,107847944974,207308994,15640829,,,,,,,,,
2021-06-09,108259850541,209695764,15371735,,,,,,,,,
2021-06-10,108770561328,210999045,15452256,,,,,,,,,
2021-06-11,108402220016,218180158,15086823,,,,,,,,,
2021-06-12,108297743888,224165367,15194639,,,,,,,,,
2021-06-13,108718978596,224174175,14995008,,,,,,,,,
2021-06-14,108576929458,229613247,14762275,,,,,,,,,
2021-06-15,108741794283,233839931,15157694,,,,,,,,,
2021-06-16,108959928872,249124934,15242019,,,,,,,,,
2021-06-17,108218370681,246298666,15110614,,,,,,,,,
2021-06-18,108433308482,247021060,14954329,,,,,,,,,
2021-06-19,108811149304,249374743,14609119,,,,,,,,,
2021-06-20,109107266194,249376006,14482034,,,,,,,,,
2021-06-21,109313723771,246145736,13752220,,,,,,,,,
2021-06-22,109089736544,238551691,11315407,,,,,,,,,
2021-06-23,109763605235,232578595,11099069,,,,,,,,,
2021-06-24,110291581214,232586931,11196184,,,,,,,,,
2021-06-25,110409198867,238506496,11507649,,,,,,,,,
2021-06-26,110470993376,238366128,10806384,,,,,,,,,
2021-06-27,111407044403,238483003,10801061,,,,,,,,,
2021-06-28,111181848312,237400534,10713995,,,,,,,,,
2021-06-29,110267343203,235557401,11021902,,,,,,,,,
2021-06-30,109991115737,239760646,11539324,,,,,,,,,
2021-07-01,110320142161,242800136,11925727,,,,,,,,,
2021-07-02,110688839740,246645693,11848479,,,,,,,,,
2021-07-03,111343174175,246856841,11929052,,,,,,,,,
2021-07-04,111415703624,246471275,12099696,,,,,,,,,
2021-07-05,110978526970,246508997,12216990,,,,,,,,,
2021-07-06,111586626759,246788883,11977303,,,,,,,,,
2021-07-07,111824029640,243587083,12100341,,,,,,,,,
2021-07-08,111749908781,244229782,12297162,,,,,,,,,
2021-07-09,112238349572,242447825,12013274,,,,,,,,,
2021-07-10,112078107051,242519546,12107597,,,,,,,,,
2021-07-11,112204446619,242575684,12245861,,,,,,,,,
2021-07-12,112048208311,242660512,12226558,,,,,,,,,
2021-07-13,112177158770,242080717,12330174,,,,,,,,,
2021-07-14,112072618357,242063615,12050690,,,,,,,,,
2021-07-15,112437053896,240054072,12117894,,,,,,,,,
2021-07-16,112611009064,237827748,14110306,,,,,,,,,
2021-07-17,111840040775,236681415,13860945,,,,,,,,,
2021-07-18,112380622512,237661744,13893995,,,,,,,,,
2021-07-19,112880102471,237200298,13869753,,,,,,,,,
2021-07-20,112421261774,234542374,12103800,,,,,,,,,
2021-07-21,112378075784,232557885,12037557,,,,,,,,,
2021-07-22,112776714952,229062064,12501143,,,,,,,,,
2021-07-23,112812369391,229018582,12584564,,,,,,,,,
2021-07-24,113052628673,228417525,12865560,,,,,,,,,
2021-07-25,113254483304,228476211,13025288,,,,,,,,,
2021-07-26,113522636739,225046377,13252801,,,,,,,,,
2021-07-27,113443049978,223643871,13531236,,,,,,,,,
2021-07-28,113971311867,223230481,13021160,,,,,,,,,
2021-07-29,113739193029,222670758,12975344,,,,,,,,,
2021-07-30,113996730619,222012142,13272881,,,,,,,,,
2021-07-31,114399455655,222105849,13579443,,,,,,,,,
2021-08-01,113988223064,222221461,13650413,,,,,,,,,
2021-08-02,114132072832,219963552,14464124,,,,,,,,,
2021-08-03,114309380576,219104867,14411421,,,,,,,,,
2021-08-04,114554786023,217402081,14769229,,,,,,,,,
2021-08-05,114104140054,218799704,16972894,,,,,,,,,
2021-08-06,114442100369,216804700,17795233,,,,,,,,,
2021-08-07,114737235751,216229977,18357832,,,,,,,,,
2021-08-08,114986892626,216801064,20310208,,,,,,,,,
2021-08-09,115130363917,217167877,20208229,,,,,,,,,
2021-08-10,115478251553,219066805,20913290,,,,,,,,,
2021-08-11,115731385816,218544872,21622812,,,,,,,,,
2021-08-12,115928791479,218134080,21581598,,,,,,,,,
2021-08-13,116291028812,215931683,21693623,,,,,,,,,
2021-08-14,116087897824,215489855,21801383,,,,,,,,,
2021-08-15,116525063845,215496708,22134808,,,,,,,,,
2021-08-16,116659083463,214268638,22267697,,,,,,,,,
2021-08-17,116697982617,214572311,22347606,,,,,,,,,
2021-08-18,117130587205,214118965,22930612,,,,,,,,,
2021-08-19,117389773322,216224127,23684146,,,,,,,,,
2021-08-20,117761426786,206956316,23777946,,,,,,,,,
2021-08-21,117487302073,206961178,24138760,,,,,,,,,
2021-08-22,117832042686,207211209,24083962,,,,,,,,,
2021-08-23,118309277258,207027698,22778819,,,,,,,,,
2021-08-24,118106114033,206316849,22773472,,,,,,,,,
2021-08-25,118316619762,205452020,23484939,,,,,,,,,
2021-08-26,118774524850,199107970,23499068,,,,,,,,,
2021-08-27,118676200830,198700750,23640517,,,,,,,,,
2021-08-28,119200605906,197189140,23538168,,,,,,,,,
2021-08-29,119181654676,197253847,23532074,,,,,,,,,
2021-08-30,119135458009,191453083,23514046,,,,,,,,,
2021-08-31,119359252131,189304376,23473806,,,,,,,,,
2021-09-01,119779433046,189496175,23684039,,,,,,,,,
2021-09-02,120107490471,187911224,24196047,,,,,,,,,
2021-09-03,120366480183,187163335,25367320,,,,,,,,,
2021-09-04,121193699175,187930746,25358825,,,,,,,,,
2021-09-05,121587845123,188239219,24921821,,,,,,,,,
2021-09-06,121852155031,189051108,24459041,,,,,,,,,
2021-09-07,122780528495,189124061,24580933,,,,,,,,,
2021-09-08,123222871218,186483919,23646963,,,,,,,,,
2021-09-09,125247155576,186857087,23645791,,,,,,,,,
2021-09-10,125824960124,188569230,23627264,,,,,,,,,
2021-09-11,125256350953,183863582,22886848,,,,,,,,,
2021-09-12,125629550930,184995880,21934028,,,,,,,,,
2021-09-13,126544219726,185662759,21858497,,,,,,,,,
2021-09-14,126086545051,185850371,21847931,,,,,,,,,
2021-09-15,126346718184,183815356,21689146,,,,,,,,,
2021-09-16,126260700757,184009649,21686445,,,,,,,,,
2021-09-17,126489186490,184326432,21647357,,,,,,,,,
2021-09-18,126943432643,185277817,21649689,,,,,,,,,
2021-09-19,126797775725,185453464,21716210,,,,,,,,,
2021-09-20,127119173586,185376682,21547353,,,,,,,,,
2021-09-21,126294413260,195978651,21191887,,,,,,,,,
2021-09-22,126273478758,194002122,20003996,,,,,,,,,
2021-09-23,127414773905,194338658,20230160,,,,,,,,,
2021-09-24,128035749415,195003153,20903825,,,,,,,,,
2021-09-25,129206714453,196019821,20750877,,,,,,,,,
2021-09-26,129395543894,196535380,20658113,,,,,,,,,
2021-09-27,129726537715,196744960,20658379,,,,,,,,,
2021-09-28,128780365244,197430344,20610789,,,,,,,,,
2021-09-29,128995107658,196278886,20556408,,,,,,,,,
2021-09-30,129514150274,196843385,20561982,,,,,,,,,
2021-10-01,129230837063,197481361,20946510,,,,,,,,,
2021-10-02,129119525555,197776048,21983539,,,,,,,,,
2021-10-03,129209023192,197873063,22184389,,,,,,,,,
2021-10-04,129639709412,199681799,22153666,,,,,,,,,
2021-10-05,129717552680,199584080,22251557,,,,,,,,,
2021-10-06,129817148911,199622513,22534421,,,,,,,,,
2021-10-07,130011188145,200128427,22504452,,,,,,,,,
2021-10-08,130370547945,199220724,22048092,,,,,,,,,
2021-10-09,130957009635,199211702,22905665,,,,,,,,,
2021-10-10,131142324565,199423425,22826238,,,,,,,,,
2021-10-11,131386842864,199672555,23215920,,,,,,,,,
2021-10-12,132119386877,200027547,23283459,,,,,,,,,
2021-10-13,131826062003,202033318,25132791,,,,,,,,,
2021-10-14,131845944646,203590392,25401537,,,,,,,,,
2021-10-15,132093375184,209496822,25890854,,,,,,,,,
2021-10-16,132157232731,210941080,26246229,,,,,,,,,
2021-10-17,132592567568,211613121,26194269,,,,,,,,,
2021-10-18,132358677516,214412235,26550639,,,,,,,,,
2021-10-19,132662781844,215689453,26796797,,,,,,,,,
2021-10-20,132073670035,218299362,27646405,,,,,,,,,
2021-10-21,132889418652,293159797,27957236,,,,,,,,,
2021-10-22,133064108259,292825595,28122006,,,,,,,,,
2021-10-23,133486136843,292311472,28380237,,,,,,,,,
2021-10-24,133874737275,293220595,28453169,,,,,,,,,
2021-10-25,133608085016,295983937,28457358,,,,,,,,,
2021-10-26,133780891949,297142595,28411725,,,,,,,,,
2021-10-27,133897205950,297374687,28669228,,,,,,,,,
2021-10-28,134315883587,298268574,28743568,,,,,,,,,
2021-10-29,134958236147,298675012,28986668,,,,,,,,,
2021-10-30,135707710890,299905797,29074819,,,,,,,,,
2021-10-31,136425753000,299810405,29074819,,,,,,,,,
2021-11-01,136260338025,299306865,29150002,,,,,,,,,
2021-11-02,136644312238,298555427,29244675,,,,,,,,,
2021-11-03,137541468800,298614017,29477801,,,,,,,,,
2021-11-04,138515568012,332625432,29915417,,,,,,,,,
2021-11-05,138780475280,358165162,30398117,,,,,,,,,
2021-11-06,140087192188,371306110,31863617,,,,,,,,,
2021-11-07,139938059686,373413736,31954072,,,,,,,,,
2021-11-08,141090121241,371118132,32080026,,,,,,,,,
2021-11-09,142412493448,370721009,32175620,,,,,,,,,
2021-11-10,142995891354,374996395,35096720,,,,,,,,,
2021-11-11,142955599535,393094044,35284320,,,,,,,,,
2021-11-12,143115775927,401631267,35364020,,,,,,,,,
2021-11-13,143650538616,407631266,35433440,,,,,,,,,
2021-11-14,144351506120,410385173,35475112,,,,,,,,,
2021-11-15,145036664843,429136968,35358558,,,,,,,,,
2021-11-16,145129746776,425796816,35825186,,,,,,,,,
2021-11-17,145596718826,436656497,35252566,,,,,,,,,
2021-11-18,146717263826,441979079,35209226,,,,,,,,,
2021-11-19,146660503904,441823835,30963556,,,,,,,,,
2021-11-20,146841835516,475455459,31166166,,,,,,,,,
2021-11-21,147614523349,476127926,31168187,,,,,,,,,
2021-11-22,149242944766,474947295,31189216,,,,,,,,,
2021-11-23,148839868312,477385542,31277658,,,,,,,,,
2021-11-24,148603711857,476415421,31230436,,,,,,,,,
2021-11-25,149346844630,486807249,31030072,,,,,,,,,
2021-11-26,149439070466,484516261,31163272,,,,,,,,,
2021-11-27,150273118729,482460531,31141847,,,,,,,,,
2021-11-28,150919480571,482231819,29307582,,,,,,,,,
2021-11-29,151443043901,481729451,29091792,,,,,,,,,
2021-11-30,152129918827,481931237,29146187,,,,,,,,,
2021-12-01,152926826282,476730328,29220536,,,,,,,,,
2021-12-02,154287523244,477002236,29384702,,,,,,,,,
2021-12-03,154415554672,472715064,29667385,,,,,,,,,
2021-12-04,154865836417,479851232,28914079,,,,,,,,,
2021-12-05,155583220661,485920581,28600391,,,,,,,,,
2021-12-06,158303192849,483411617,28756657,,,,,,,,,
2021-12-07,157861672951,485044954,29573590,,,,,,,,,
2021-12-08,159442434072,478615913,29819360,,,,,,,,,
2021-12-09,159691892898,471530552,30349760,,,,,,,,,
2021-12-10,160088798158,452956562,30551763,,,,,,,,,
2021-12-11,159948865443,452682806,30097751,,,,,,,,,
2021-12-12,160752234036,452934605,30086246,,,,,,,,,
2021-12-13,160943999619,453381196,30118246,,,,,,,,,
2021-12-14,160810604095,453002751,28476415,,,,,,,,,
2021-12-15,161504326692,457100036,27756787,,,,,,,,,
2021-12-16,161832405697,455788089,28406899,,,,,,,,,
2021-12-17,161259006426,458971815,28743899,,,,,,,,,
2021-12-18,162065884058,466940774,28717352,,,,,,,,,
2021-12-19,162560966619,471114905,28706777,,,,,,,,,
2021-12-20,162343413750,474608672,28734187,,,,,,,,,
2021-12-21,163939471909,478843343,28858687,,,,,,,,,
2021-12-22,164075959626,487824266,29120771,,,,,,,,,
2021-12-23,164394933440,505823140,29138383,,,,,,,,,
2021-12-24,164629065352,514982428,29476383,,,,,,,,,
2021-12-25,165449423920,526648268,29663883,,,,,,,,,
2021-12-26,165924714894,527081059,29699883,,,,,,,,,
2021-12-27,166039275702,537224107,30090932,,,,,,,,,
2021-12-28,165710830944,541278155,29868143,,,,,,,,,
2021-12-29,165941089399,546204394,29756880,,,,,,,,,
2021-12-30,165300571511,549094773,29404782,,,,,,,,,
2021-12-31,166082778946,557675643,30425818,,,,,,,,,
2022-01-01,165610346046,558020657,29840609,,,,,,,,,
2022-01-02,166428293227,555916573,32417168,,,,,,,,,
2022-01-03,166280129265,563372292,32632204,,,,,,,,,
2022-01-04,166449152666,570265240,32766983,,,,,,,,,
2022-01-05,166739933085,580367285,33085414,,,,,,,,,
2022-01-06,167171433009,578839993,29453409,,,,,,,,,
2022-01-07,167237466151,579564492,28622212,,,,,,,,,
2022-01-08,166896774807,578639776,28521831,,,,,,,,,
2022-01-09,166946101463,578673436,28288036,,,,,,,,,
2022-01-10,166522995472,581442497,28401744,,,,,,,,,
2022-01-11,167622023307,582655757,27577951,,,,,,,,,
2022-01-12,167987903087,580591453,28130720,,,,,,,,,
2022-01-13,168762084611,573312383,28321748,,,,,,,,,
2022-01-14,169134985081,578241200,28589933,,,,,,,,,
2022-01-15,169362251391,584241602,28610425,,,,,,,,,
2022-01-16,169596613575,589589279,29968422,,,,,,,,,
2022-01-17,169952542672,601647780,29814404,,,,,,,,,
2022-01-18,170192444354,601047095,29770970,,,,,,,,,
2022-01-19,170143177309,602808050,29627461,,,,,,,,,
2022-01-20,170815644535,595384751,30100359,,,,,,,,,
2022-01-21,171320948895,588058885,26843415,,,,,,,,,
2022-01-22,170465435109,568355757,24770151,,,,,,,,,
2022-01-23,172103369316,566165991,24276885,,,,,,,,,
2022-01-24,171766601863,556631852,24047460,,,,,,,,,
2022-01-25,172634403816,552260658,23595998,,,,,,,,,
2022-01-26,172783962448,552114358,23761893,,,,,,,,,
2022-01-27,174006646974,559752245,23765341,,,,,,,,,
2022-01-28,173712786614,598244608,22260924,,,,,,,,,
2022-01-29,172907344917,611375525,21791348,,,,,,,,,
2022-01-30,173405094058,621910694,21852848,,,,,,,,,
2022-01-31,173265988984,623773681,21894034,,,,,,,,,
2022-02-01,173689438331,622464557,21974879,,,,,,,,,
2022-02-02,174283115846,632779885,22484129,,,,,,,,,
2022-02-03,174824653430,635508741,22555828,,,,,,,,,
2022-02-04,175711984932,633521393,22788626,,,,,,,,,
2022-02-05,176309247726,636963334,24546304,,,,,,,,,
2022-02-06,176463648678,637039398,24712783,,,,,,,,,
2022-02-07,176714420137,635751520,24717931,,,,,,,,,
2022-02-08,177093033818,629286894,24787931,,,,,,,,,
2022-02-09,177771523238,631895001,24833673,,,,,,,,,
2022-02-10,178282678560,630888151,25487104,,,,,,,,,
2022-02-11,179157874091,634825662,25882425,,,,,,,,,
2022-02-12,179827622157,632346150,26160678,,,,,,,,,
2022-02-13,179756188593,632408112,26903964,,,,,,,,,
2022-02-14,180085155673,632389953,26780572,,,,,,,,,
2022-02-15,179953905894,628023103,26778063,,,,,,,,,
2022-02-16,180691235655,627028009,27109413,,,,,,,,,
2022-02-17,180673686616,626978603,29341140,,,,,,,,,
2022-02-18,180858646112,629303404,29310725,,,,,,,,,
2022-02-19,181179019915,629469770,29040387,,,,,,,,,
2022-02-20,181838003662,629268279,29076611,,,,,,,,,
2022-02-21,181725911041,629063317,28947734,,,,,,,,,
2022-02-22,181938989340,628534598,28689122,,,,,,,,,
2022-02-23,182429997991,630597608,27752511,,,,,,,,,
2022-02-24,182619841571,627771350,25817263,,,,,,,,,
2022-02-25,183149474321,626815978,26273415,,,,,,,,,
2022-02-26,182501538383,619050666,26932214,,,,,,,,,
2022-02-27,183104729267,617664770,26464499,,,,,,,,,
2022-02-28,183808175423,618642886,26452128,,,,,,,,,
2022-03-01,183575623194,621829817,27076668,,,,,,,,,
2022-03-02,183709394932,621634734,27210778,,,,,,,,,
2022-03-03,183966632283,619552605,27290778,,,,,,,,,
2022-03-04,183699194034,620139607,27290778,,,,,,,,,
2022-03-05,183494553811,620052699,27041831,,,,,,,,,
2022-03-06,183656943624,619125059,27041831,,,,,,,,,
2022-03-07,183994149722,612760060,26925192,,,,,,,,,
2022-03-08,183273762004,611744868,26913796,,,,,,,,,
2022-03-09,183706598822,609543952,26908799,,,,,,,,,
2022-03-10,184200414700,608432222,27013799,,,,,,,,,
2022-03-11,184547484822,609417514,26992204,,,,,,,,,
2022-03-12,184693891718,607896219,26941065,,,,,,,,,
2022-03-13,184833570342,607749909,26933172,,,,,,,,,
2022-03-14,184936861558,602333488,26907290,,,,,,,,,
2022-03-15,184854151542,599093317,26957290,,,,,,,,,
2022-03-16,184803415892,595949115,26946899,,,,,,,,,
2022-03-17,184869422922,593744646,27102800,,,,,,,,,
2022-03-18,185529498013,583477064,27142800,,,,,,,,,
2022-03-19,186197638459,579927591,24973711,,,,,,,,,
2022-03-20,186501079151,579658360,25007503,,,,,,,,,
2022-03-21,186855471045,576401604,25007503,,,,,,,,,
2022-03-22,186802945025,574325000,25612216,,,,,,,,,
2022-03-23,186539842165,560377217,25772216,,,,,,,,,
2022-03-24,186113247156,559683428,25826210,,,,,,,,,
2022-03-25,186290630556,553489975,22800169,,,,,,,,,
2022-03-26,185893093981,544796582,22797909,,,,,,,,,
2022-03-27,186132932809,544673684,22850909,,,,,,,,,
2022-03-28,186045620891,541389614,23002194,,,,,,,,,
2022-03-29,186131908106,538713534,23627375,,,,,,,,,
2022-03-30,186599454668,537434869,123795205,,,,,,,,,
2022-03-31,187078427039,535786864,123933290,,,,,,,,,
2022-04-01,186513771358,535739134,123969649,,,,,,,,,
2022-04-02,187375894470,534837985,123667500,,,,,,,,,
2022-04-03,187305920102,534810482,123956552,,,,,,,,,
2022-04-04,187282134127,534205550,34003834,,,,,,,,,
2022-04-05,187260434504,533689158,33898365,,,,,,,,,
2022-04-06,187331032277,530364963,34842609,,,,,,,,,
2022-04-07,186391945872,529555031,34270160,,,,,,,,,
2022-04-08,186631337819,522411944,34394300,,,,,,,,,
2022-04-09,186720332472,519401669,34863038,,,,,,,,,
2022-04-10,187002608572,519378047,33471768,,,,,,,,,
2022-04-11,187203653102,519104422,33441767,,,,,,,,,
2022-04-12,186411396486,518437288,33285247,,,,,,,,,
2022-04-13,186532539244,513375742,34153872,,,,,,,,,
2022-04-14,185975237444,512521939,36461550,,,,,,,,,
2022-04-15,186102751021,522161861,35302416,,,,,,,,,
2022-04-16,186104580476,521890276,35659497,,,,,,,,,
2022-04-17,186179806349,521859816,33686166,,,,,,,,,
2022-04-18,186225491124,522488976,33504421,,,,,,,,,
2022-04-19,186054487626,521362293,33520798,,,,,,,,,
2022-04-20,186323654662,521533416,33686378,,,,,,,,,
2022-04-21,186449500298,518473157,46544329,,,,,,,,,
2022-04-22,186736181542,506898971,56789328,,,,,,,,,
2022-04-23,187125020738,503634165,57518942,,,,,,,,,
2022-04-24,187216994504,503650093,57614798,,,,,,,,,
2022-04-25,187326148873,503585055,56975836,,,,,,,,,
2022-04-26,187303667195,497289678,56758393,,,,,,,,,
2022-04-27,186854726324,498198964,56764197,,,,,,,,,
2022-04-28,186898136751,499565276,56730082,,,,,,,,,
2022-04-29,186772800780,501643203,54956481,,,,,,,,,
2022-04-30,187094465743,500768379,54823862,,,,,,,,,
2022-05-01,187151922276,500593509,54621432,,,,,,,,,
2022-05-02,187122708872,500662487,54285022,,,,,,,,,
2022-05-03,186962017126,501119817,43922144,,,,,,,,,
2022-05-04,186997135179,501005407,44252401,,,,,,,,,
2022-05-05,186532371888,498962177,44169901,,,,,,,,,
2022-05-06,186704093288,481854043,41701770,,,,,,,,,
2022-05-07,186072197285,482882651,41597586,,,,,,,,,
2022-05-08,185899981857,482767121,42477270,,,,,,,,,
2022-05-09,184983158393,478171693,41937286,,,,,,,,,
2022-05-10,181226673765,475260819,40856365,,,,,,,,,
2022-05-11,178304685261,469803623,40854739,,,,,,,,,
2022-05-12,160537619501,446235880,34862536,,,,,,,,,
2022-05-13,160005533903,448032710,34718143,,,,,,,,,
2022-05-14,158678782694,447770264,35263272,,,,,,,,,
2022-05-15,158121287352,448709743,35089631,,,,,,,,,
2022-05-16,158202220386,454029819,35603254,,,,,,,,,
2022-05-17,159548765616,453301195,38760707,,,,,,,,,
2022-05-18,158421100883,449576285,43115920,,,,,,,,,
2022-05-19,158653531752,444899051,43788906,,,,,,,,,
2022-05-20,159296499368,443706065,47468813,,,,,,,,,
2022-05-21,158547767003,446530693,51749265,,,,,,,,,
2022-05-22,158636729539,446422005,52504824,,,,,,,,,
2022-05-23,158730728457,440864843,53218024,,,,,,,,,
2022-05-24,158830257540,439102429,53259420,,,,,,,,,
2022-05-25,158983186400,438824695,53557043,,,,,,,,,
2022-05-26,159126720808,443627326,54393570,,,,,,,,,
2022-05-27,158728585171,443352027,54938959,,,,,,,,,
2022-05-28,158290179102,446954356,57010360,,,,,,,,,
2022-05-29,158475525385,446939010,57038061,,,,,,,,,
2022-05-30,158323705678,445520753,66946390,,,,,,,,,
2022-05-31,158854405336,446244312,67513079,,,,,,,,,
2022-06-01,159415434134,445568077,67645406,,,,,,,,,
2022-06-02,160388389243,445610510,67541813,,,,,,,,,
2022-06-03,159481940621,443240001,68091756,,,,,,,,,
2022-06-04,159473751528,442413221,68110457,,,,,,,,,
2022-06-05,159439503814,442401049,68094985,,,,,,,,,
2022-06-06,159450417077,441564240,68325429,,,,,,,,,
2022-06-07,159247056375,442241380,68039002,,,,,,,,,
2022-06-08,159139493405,440823780,68177067,,,,,,,,,
2022-06-09,159087240209,440126668,68392908,,,,,,,,,
2022-06-10,159145264950,443039555,69189899,,,,,,,,,
2022-06-11,158694225282,444355573,68840539,,,,,,,,,
2022-06-12,158449181216,444191533,68272985,,,,,,,,,
2022-06-13,158124134351,441747338,66961307,,,,,,,,,
2022-06-14,157005312288,434130180,65921651,,,,,,,,,
2022-06-15,156041612482,429909927,64754732,,,,,,,,,
2022-06-16,155254935205,426026983,64448554,,,,,,,,,
2022-06-17,154684972733,423691105,64231841,,,,,,,,,
2022-06-18,154167740764,420933320,64349913,,,,,,,,,
2022-06-19,154263565291,416449168,64273920,,,,,,,,,
2022-06-20,154040647187,414104596,64335520,,,,,,,,,
2022-06-21,153405317921,413126463,64082896,,,,,,,,,
2022-06-22,153494704289,412891882,64140136,,,,,,,,,
2022-06-23,153399442705,412337116,64155818,,,,,,,,,
2022-06-24,153065868648,414468372,64177622,,,,,,,,,
2022-06-25,153061527039,412534604,63919264,,,,,,,,,
2022-06-26,153241207679,412504116,64036312,,,,,,,,,
2022-06-27,153233785752,412437057,64124361,,,,,,,,,
2022-06-28,153000364020,411476179,64136819,,,,,,,,,
2022-06-29,152950162915,411826612,64133879,,,,,,,,,
2022-06-30,152872706597,412043632,63362816,,,,,,,,,
2022-07-01,152683970491,408796180,86997012,,,,,,,,,
2022-07-02,153427494002,409524899,86938749,,,,,,,,,
2022-07-03,153399970006,409518884,87073763,,,,,,,,,
2022-07-04,153284934758,409250785,87759504,,,,,,,,,
2022-07-05,153345451530,409606515,88161949,,,,,,,,,
2022-07-06,153284208936,281245273,88178014,,,,,,,,,
2022-07-07,153035357270,282217712,61883752,,,,,,,,,
2022-07-08,152845387915,280661499,61987673,,,,,,,,,
2022-07-09,152939478220,280479617,61794787,,,,,,,,,
2022-07-10,153009979061,280478750,61761165,,,,,,,,,
2022-07-11,152827757067,271285010,71774168,,,,,,,,,
2022-07-12,152996848627,271538302,71778930,,,,,,,,,
2022-07-13,152681147378,271727344,70929464,,,,,,,,,
2022-07-14,152797022506,271392092,70925110,,,,,,,,,
2022-07-15,152850941721,270666644,70931190,,,,,,,,,
2022-07-16,152301573405,269907755,70951475,,,,,,,,,
2022-07-17,152325099486,271177212,71021029,,,,,,,,,
2022-07-18,152448503779,271909038,71045696,,,,,,,,,
2022-07-19,152703056681,274067080,70960218,,,,,,,,,
2022-07-20,152593976598,273399247,80732797,,,,,,,,,
2022-07-21,152762235278,277339232,80744206,,,,,,,,,
2022-07-22,152708520511,277721808,80875450,,,,,,,,,
2022-07-23,152844633711,278385988,80851777,,,,,,,,,
2022-07-24,152943190834,278412749,80838072,,,,,,,,,
2022-07-25,152932936546,278798331,80774680,,,,,,,,,
2022-07-26,152917301228,278375564,80738309,,,,,,,,,
2022-07-27,152788341683,279611462,80584428,,,,,,,,,
2022-07-28,152910654423,279649648,80602522,,,,,,,,,
2022-07-29,152698048419,279804920,85251894,,,,,,,,,
2022-07-30,152823393095,279542761,85315705,,,,,,,,,
2022-07-31,152826936117,279948960,85367280,,,,,,,,,
2022-08-01,152817594905,279930633,85367740,,,,,,,,,
2022-08-02,153093686373,279360972,85295144,,,,,,,,,
2022-08-03,153007868290,278713604,86203330,,,,,,,,,
2022-08-04,152980044860,258901313,85246629,,,,,,,,,
2022-08-05,152921971937,258278784,85185408,,,,,,,,,
2022-08-06,153097891779,257385163,75188128,,,,,,,,,
2022-08-07,153128003451,257718035,64261512,,,,,,,,,
2022-08-08,153055721048,257858287,64274428,,,,,,,,,
2022-08-09,152826070303,261030888,64242408,,,,,,,,,
2022-08-10,152747500072,407371061,64449835,,,,,,,,,
2022-08-11,153025563656,365128432,63678630,,,,,,,,,
2022-08-12,152972057827,358839810,63752466,,,,,,,,,
2022-08-13,152792093401,358879416,63722810,,,,,,,,,
2022-08-14,153037411751,358852327,63820852,,,,,,,,,
2022-08-15,152537087385,258949508,64835077,,,,,,,,,
2022-08-16,152846785640,259595447,64705610,,,,,,,,,
2022-08-17,152711071996,259918028,64753443,,,,,,,,,
2022-08-18,152691920803,263367390,64801256,,,,,,,,,
2022-08-19,152477326032,294227872,64917037,,,,,,,,,
2022-08-20,152362260185,327570792,64862551,,,,,,,,,
2022-08-21,152270400829,327569215,64830565,,,,,,,,,
2022-08-22,152245000573,327408625,64830839,,,,,,,,,
2022-08-23,152041615388,327815120,64856753,,,,,,,,,
2022-08-24,152170678613,326575139,64836266,,,,,,,,,
2022-08-25,152185442292,326086483,64841313,,,,,,,,,
2022-08-26,152233643028,326023438,66752321,,,,,,,,,
2022-08-27,152297729898,325841346,66726379,,,,,,,,,
2022-08-28,152351761974,326516965,66653430,,,,,,,,,
2022-08-29,152144101946,326560277,66526510,,,,,,,,,
2022-08-30,152295937618,327315765,80713491,,,,,,,,,
2022-08-31,152611401534,326736096,81013297,,,,,,,,,
2022-09-01,152415746960,326696044,83029855,,,,,,,,,
2022-09-02,152349034405,342449592,83034328,,,,,,,,,
2022-09-03,152159812145,341755756,82985876,,,,,,,,,
2022-09-04,152185409511,341740634,83047216,,,,,,,,,
2022-09-05,152011071613,342016378,83042285,,,,,,,,,
2022-09-06,151943086950,342439646,82992278,,,,,,,,,
2022-09-07,151955991728,342113891,80585278,,,,,,,,,
2022-09-08,152053956252,340684056,80717003,,,,,,,,,
2022-09-09,152207431395,339991980,80716722,,,,,,,,,
2022-09-10,152312491811,338433946,81293618,,,,,,,,,
2022-09-11,152410395445,338309394,81338931,,,,,,,,,
2022-09-12,152409364573,337807976,81331323,,,,,,,,,
2022-09-13,152382454143,337838657,81325555,,,,,,,,,
2022-09-14,152386513488,338082063,81308091,,,,,,,,,
2022-09-15,152039891435,337517267,81134189,,,,,,,,,
2022-09-16,151801175715,337112150,81087644,,,,,,,,,
2022-09-17,151674918156,335228979,81039473,,,,,,,,,
2022-09-18,151720567144,334728352,81208982,,,,,,,,,
2022-09-19,151683917082,334333975,81192875,,,,,,,,,
2022-09-20,151816393277,333819085,76467116,,,,,,,,,
2022-09-21,152058295641,334259675,76466409,,,,,,,,,
2022-09-22,151894828584,335062055,76460098,,,,,,,,,
2022-09-23,151891281872,331752991,76443794,,,,,,,,,
2022-09-24,151677305146,334736625,76426702,,,,,,,,,
2022-09-25,151651297440,334668622,76447680,,,,,,,,,
2022-09-26,151368014958,334260081,76453174,,,,,,,,,
2022-09-27,150581018708,335035937,76440192,,,,,,,,,
2022-09-28,150489559988,335117484,76501413,,,,,,,,,
2022-09-29,149990504524,334007907,76487188,,,,,,,,,
2022-09-30,149499369943,330133189,76489288,,,,,,,,,
2022-10-01,148247347138,330278650,76212472,,,,,,,,,
2022-10-02,148253624203,330236530,76191922,,,,,,,,,
2022-10-03,148290251208,329910575,76158709,,,,,,,,,
2022-10-04,148065629143,330282027,76158328,,,,,,,,,
2022-10-05,148022348683,328945140,76170231,,,,,,,,,
2022-10-06,148084306312,330128822,76199132,,,,,,,,,
2022-10-07,148134434222,331990561,76199618,,,,,,,,,
2022-10-08,148314955929,332980511,76193676,,,,,,,,,
2022-10-09,148308687915,332999139,76222042,,,,,,,,,
2022-10-10,148299364397,332983342,76220185,,,,,,,,,
2022-10-11,148115510403,333451975,76220721,,,,,,,,,
2022-10-12,148016544693,332974166,76211130,,,,,,,,,
2022-10-13,147507682090,333000461,76201630,,,,,,,,,
2022-10-14,147090907234,333528903,76124043,,,,,,,,,
2022-10-15,146665786788,333763017,76096078,,,,,,,,,
2022-10-16,146649046663,333748783,76088362,,,,,,,,,
2022-10-17,146568433259,333758142,76089848,,,,,,,,,
2022-10-18,146375527995,330262532,72762201,,,,,,,,,
2022-10-19,146284731120,330385224,72841055,,,,,,,,,
2022-10-20,146192513290,330117093,72837539,,,,,,,,,
2022-10-21,145793579384,329960722,72877539,,,,,,,,,
2022-10-22,145582793789,328653104,72886414,,,,,,,,,
2022-10-23,145647085357,328689252,72890838,,,,,,,,,
2022-10-24,145685546357,328583432,72886012,,,,,,,,,
2022-10-25,145349154018,328666947,72887813,,,,,,,,,
2022-10-26,145239672119,328459999,72926186,,,,,,,,,
2022-10-27,145408854503,327757091,73008716,,,,,,,,,
2022-10-28,145339765736,327081362,72895880,,,,,,,,,
2022-10-29,145503248971,326690770,72896103,,,,,,,,,
2022-10-30,145601364670,326432190,72912704,,,,,,,,,
2022-10-31,145740843672,326556873,72915631,,,,,,,,,
2022-11-01,145353121753,327029560,73046079,,,,,,,,,
2022-11-02,145392677978,325999735,73051158,,,,,,,,,
2022-11-03,145260160757,326199596,73053598,,,,,,,,,
2022-11-04,145384631560,327413162,73052098,,,,,,,,,
2022-11-05,145567961467,327108556,73636855,,,,,,,,,
2022-11-06,145603069949,327054684,73896760,,,,,,,,,
2022-11-07,146010009605,327803841,75818569,,,,,,,,,
2022-11-08,146993704011,326057869,75818569,,,,,,,,,
2022-11-09,147256809778,322925878,75548726,,,,,,,,,
2022-11-10,145506489356,323558243,74957807,,,,,,,,,
2022-11-11,145999235593,318957899,74907049,,,,,,,,,
2022-11-12,145887113216,316419083,74915357,,,,,,,,,
2022-11-13,145218471298,275405783,74909932,,,,,,,,,
2022-11-14,145042955456,274650775,74806442,,,,,,,,,
2022-11-15,144884182956,259270165,74702291,,,,,,,,,
2022-11-16,144900892337,256957366,74662762,,,,,,,,,
2022-11-17,144487426641,254550152,74244286,,,,,,,,,
2022-11-18,144096181023,252797413,74244286,,,,,,,,,
2022-11-19,144327818220,252141151,74237330,,,,,,,,,
2022-11-20,144297288775,222671010,74212657,,,,,,,,,
2022-11-21,144367982011,251382759,74201787,,,,,,,,,
2022-11-22,143511938135,220912294,73837607,,,,,,,,,
2022-11-23,143490296292,220519107,73781210,,,,,,,,,
2022-11-24,142891062478,219735339,73831950,,,,,,,,,
2022-11-25,143112788176,219800560,73862513,,,,,,,,,
2022-11-26,142756642497,219015619,73965786,,,,,,,,,
2022-11-27,142978354993,219149205,73966516,,,,,,,,,
2022-11-28,142955653873,219171640,73960267,,,,,,,,,
2022-11-29,141918243373,217907066,74122117,,,,,,,,,
2022-11-30,141295586476,217775475,70235542,,,,,,,,,
2022-12-01,141118908989,216711819,70344718,,,,,,,,,
2022-12-02,140961843705,215156743,70363879,,,,,,,,,
2022-12-03,141219846971,214659428,73206633,,,,,,,,,
2022-12-04,141387010836,214655649,73691283,,,,,,,,,
2022-12-05,141501518333,214509931,73716015,,,,,,,,,
2022-12-06,141254833285,214364807,73768115,,,,,,,,,
2022-12-07,141123057709,213635198,73617651,,,,,,,,,
2022-12-08,140958965177,213178036,73616689,,,,,,,,,
2022-12-09,140888652313,213018345,74356567,,,,,,,,,
2022-12-10,140823262370,211716604,74356567,,,,,,,,,
2022-12-11,140873964494,211715344,74362234,,,,,,,,,
2022-12-12,140976654324,210399884,74362997,,,,,,,,,
2022-12-13,140635844225,254759295,74362997,,,,,,,,,
2022-12-14,140293745314,255597957,74362997,,,,,,,,,
2022-12-15,140030225524,253699144,74368958,,,,,,,,,
2022-12-16,140073082624,252404148,74344294,,,,,,,,,
2022-12-17,139613898546,252626849,74268315,,,,,,,,,
2022-12-18,139771304270,252685677,74260638,,,,,,,,,
2022-12-19,139804535074,252668160,74259855,,,,,,,,,
2022-12-20,139460895092,252527108,74259857,,,,,,,,,
2022-12-21,139193694867,251998948,74262996,,,,,,,,,
2022-12-22,138974775015,252139606,74263090,,,,,,,,,
2022-12-23,138827363174,252935267,74288997,,,,,,,,,
2022-12-24,138315572588,252803821,74354597,,,,,,,,,
2022-12-25,138366922989,252784758,74348253,,,,,,,,,
2022-12-26,138373010658,252789748,74328135,,,,,,,,,
2022-12-27,138370292377,252260215,75576862,,,,,,,,,
2022-12-28,137923364074,249998290,75246711,,,,,,,,,
2022-12-29,137980934806,229675124,75938480,,,,,,,,,
2022-12-30,137897915812,228227699,76308671,,,,,,,,,
2022-12-31,137772999332,227846991,77701205,,,,,,,,,
2023-01-01,137643649043,227334366,77701142,,,,,,,,,
2023-01-02,137741379488,227121882,77344758,,,,,,,,,
2023-01-03,137736452932,228042282,83288363,,,,,,,,,
2023-01-04,137395117407,229325197,83286827,,,,,,,,,
2023-01-05,137340594438,226711501,83296863,,,,,,,,,
2023-01-06,137056343974,225322776,83304622,,,,,,,,,
2023-01-07,136736597753,225190906,83313689,,,,,,,,,
2023-01-08,136861755421,225172596,83325474,,,,,,,,,
2023-01-09,136817408496,225152347,83517288,,,,,,,,,
2023-01-10,136586952694,224230145,83698840,,,,,,,,,
2023-01-11,136762232215,223863520,83734103,,,,,,,,,
2023-01-12,136819315523,223300928,83748515,,,,,,,,,
2023-01-13,136922671961,223378831,83777290,,,,,,,,,
2023-01-14,136667609070,223114437,83684511,,,,,,,,,
2023-01-15,136864852683,222704275,83737947,,,,,,,,,
2023-01-16,137014702528,222217141,83973497,,,,,,,,,
2023-01-17,136957429023,222210374,83933236,,,,,,,,,
2023-01-18,136490229769,221474450,83943510,,,,,,,,,
2023-01-19,136400569064,221542454,83953510,,,,,,,,,
2023-01-20,136349714232,221237010,84445781,,,,,,,,,
2023-01-21,136513317637,221317171,84289909,,,,,,,,,
2023-01-22,136811494039,221432016,83906675,,,,,,,,,
2023-01-23,136877618980,221573497,86494646,,,,,,,,,
2023-01-24,136739957133,221892196,86353746,,,,,,,,,
2023-01-25,136736133474,221974226,86467960,,,,,,,,,
2023-01-26,137048839889,221833625,86494300,,,,,,,,,
2023-01-27,137202723373,222916585,86456699,,,,,,,,,
2023-01-28,137029704146,223047866,86304074,,,,,,,,,
2023-01-29,137175645380,223047144,86301766,,,,,,,,,
2023-01-30,137128516206,223165181,86794181,,,,,,,,,
2023-01-31,136823107512,223004352,87268025,,,,,,,,,
2023-02-01,136874211246,222907242,87261520,,,,,,,,,
2023-02-02,136839506640,222256729,87717551,,,,,,,,,
2023-02-03,137110506552,222234113,87697397,,,,,,,,,
2023-02-04,136840254598,222920409,87700297,,,,,,,,,
2023-02-05,136861413080,222939531,87660297,,,,,,,,,
2023-02-06,136902052790,223052974,87650453,,,,,,,,,
2023-02-07,136806552876,223403209,87655653,,,,,,,,,
2023-02-08,136643131937,188893282,87608233,,,,,,,,,
2023-02-09,136515656094,187740312,87653420,,,,,,,,,
2023-02-10,136372348048,188217391,87688361,,,,,,,,,
2023-02-11,136384786839,188364197,87644975,,,,,,,,,
2023-02-12,136375826781,188430013,87645004,,,,,,,,,
2023-02-13,136327642209,188475498,87640282,,,,,,,,,
2023-02-14,136404028569,187985214,87694994,,,,,,,,,
2023-02-15,136282074227,187720120,87584144,,,,,,,,,
2023-02-16,135903273153,187350185,87526846,,,,,,,,,
2023-02-17,136036739173,187055720,87528587,,,,,,,,,
2023-02-18,135976064404,186510187,87350873,,,,,,,,,
2023-02-19,135980063528,186306071,87355553,,,,,,,,,
2023-02-20,136027543649,186009873,87302092,,,,,,,,,
2023-02-21,135709536916,186300939,87284085,,,,,,,,,
2023-02-22,135476130605,186851898,87284144,,,,,,,,,
2023-02-23,135219631900,187653007,87364155,,,,,,,,,
2023-02-24,135070425471,191365584,87338315,,,,,,,,,
2023-02-25,135065800097,199416589,87130082,,,,,,,,,
2023-02-26,135180624013,199115973,87136177,,,,,,,,,
2023-02-27,135111278723,199027494,87136177,,,,,,,,,
2023-02-28,134810805569,201798156,87151417,,,,,,,,,
2023-03-01,134676962219,203186483,87121772,,,,,,,,,
2023-03-02,134499453644,203078384,87121772,,,,,,,,,
2023-03-03,134684680045,203166398,87121772,,,,,,,,,
2023-03-04,134709376994,202478507,87121662,,,,,,,,,
2023-03-05,134789401049,202484392,87121174,,,,,,,,,
2023-03-06,134856803048,202925740,87121174,,,,,,,,,
2023-03-07,134662394848,201409504,87118074,,,,,,,,,
2023-03-08,134688825666,200830702,87116105,,,,,,,,,
2023-03-09,134593166773,200355273,87115860,,,,,,,,,
2023-03-10,134594111301,200330021,87078856,,,,,,,,,
2023-03-11,134131864926,199695094,86905065,,,,,,,,,
2023-03-12,133515073829,192348559,87201561,,,,,,,,,
2023-03-13,134627137510,195214175,87237229,,,,,,,,,
2023-03-14,133453262058,188645698,87268566,,,,,,,,,
2023-03-15,132734506933,188214236,87243318,,,,,,,,,
2023-03-16,132405089810,188352548,87157762,,,,,,,,,
2023-03-17,132422626087,187944159,86945966,,,,,,,,,
2023-03-18,132541755521,187939680,86938228,,,,,,,,,
2023-03-19,132555540284,187926420,86937721,,,,,,,,,
2023-03-20,132392650839,187892179,86948885,,,,,,,,,
2023-03-21,132265174077,187857500,86968266,,,,,,,,,
2023-03-22,132701971824,188177493,86957934,,,,,,,,,
2023-03-23,132449498311,187567910,86967083,,,,,,,,,
2023-03-24,132817911353,187546495,86968910,,,,,,,,,
2023-03-25,132755948270,187855421,86975568,,,,,,,,,
2023-03-26,132807534197,293385470,86975501,,,,,,,,,
2023-03-27,132784834260,293357845,86975501,,,,,,,,,
2023-03-28,132401829848,293372508,93468544,,,,,,,,,
2023-03-29,132018892332,293336891,93464461,,,,,,,,,
2023-03-30,132045586766,293371916,93474065,,,,,,,,,
2023-03-31,131736578627,293052733,93450989,,,,,,,,,
2023-04-01,131406114074,292604461,93520989,,,,,,,,,
2023-04-02,131364794878,292627899,93540432,,,,,,,,,
2023-04-03,131513191844,292633782,93742731,,,,,,,,,
2023-04-04,132084297693,292482690,93670249,,,,,,,,,
2023-04-05,131558789758,292191165,93676753,,,,,,,,,
2023-04-06,131463875314,292682644,93705282,,,,,,,,,
2023-04-07,131684988210,292505381,93915108,,,,,,,,,
2023-04-08,131638552451,292757467,93988942,,,,,,,,,
2023-04-09,131661887967,292646253,93974417,,,,,,,,,
2023-04-10,131626572425,292588363,94050837,,,,,,,,,
2023-04-11,131604605355,292975738,94279874,,,,,,,,,
2023-04-12,131648795800,292587190,94357546,,,,,,,,,
2023-04-13,131392092230,292532243,94379915,,,,,,,,,
2023-04-14,131414810987,292176400,94582412,,,,,,,,,
2023-04-15,131479314717,294147807,94637447,,,,,,,,,
2023-04-16,131502000020,294206448,94736764,,,,,,,,,
2023-04-17,131493376559,294255150,94943312,,,,,,,,,
2023-04-18,131287563256,295636613,95003364,,,,,,,,,
2023-04-19,131148374016,297397718,94955996,,,,,,,,,
2023-04-20,131063482312,301830824,95041173,,,,,,,,,
2023-04-21,130959855862,303670756,95022736,,,,,,,,,
2023-04-22,129744888109,303001279,95147630,,,,,,,,,
2023-04-23,130536220263,302994502,95218091,,,,,,,,,
2023-04-24,130583530155,302789077,95227285,,,,,,,,,
2023-04-25,130553140013,302022093,95266688,,,,,,,,,
2023-04-26,130468961847,301244110,95314114,,,,,,,,,
2023-04-27,130456678131,301142994,95330689,,,,,,,,,
2023-04-28,130143080779,300566489,95355812,,,,,,,,,
2023-04-29,130097036379,300048961,95366224,,,,,,,,,
2023-04-30,130119248045,300060716,95378787,,,,,,,,,
2023-05-01,130142563143,300158462,95408994,,,,,,,,,
2023-05-02,130545275124,293499435,94924621,,,,,,,,,
2023-05-03,130401585639,294552536,94944869,,,,,,,,,
2023-05-04,130132398218,299936095,94943909,,,,,,,,,
2023-05-05,130087203100,291731704,94948330,,,,,,,,,
2023-05-06,130364368615,292027097,94950643,,,,,,,,,
2023-05-07,130374556779,292014847,95132239,,,,,,,,,
2023-05-08,130377839257,292019006,95137404,,,,,,,,,
2023-05-09,130327486700,292140727,95175966,,,,,,,,,
2023-05-10,130250938922,292322230,95184955,,,,,,,,,
2023-05-11,130344813779,292830691,95194995,,,,,,,,,
2023-05-12,130201555838,293225198,95137995,,,,,,,,,
2023-05-13,130197728106,293512914,95090013,,,,,,,,,
2023-05-14,130203169321,293465966,95046292,,,,,,,,,
2023-05-15,130183728500,293976036,94780459,,,,,,,,,
2023-05-16,130050282819,293692208,94813424,,,,,,,,,
2023-05-17,129974881451,293665012,94814349,,,,,,,,,
2023-05-18,129809037802,294338357,94633249,,,,,,,,,
2023-05-19,129915128039,295254046,94496605,,,,,,,,,
2023-05-20,129801056238,296067789,94442245,,,,,,,,,
2023-05-21,129794531283,296188276,94280078,,,,,,,,,
2023-05-22,129803742968,296352881,94140105,,,,,,,,,
2023-05-23,129681928715,295717337,94130062,,,,,,,,,
2023-05-24,129536755428,294973646,94068727,,,,,,,,,
2023-05-25,129266262871,294734537,94074010,,,,,,,,,
2023-05-26,129184352798,295111454,93999807,,,,,,,,,
2023-05-27,129221738753,295283708,93977801,,,,,,,,,
2023-05-28,129220442843,295325953,93816010,,,,,,,,,
2023-05-29,129204686281,295257681,93896969,,,,,,,,,
2023-05-30,129304757124,295980927,94105990,,,,,,,,,
2023-05-31,129251146605,295621566,94113772,,,,,,,,,
2023-06-01,129075156017,296241791,94168365,,,,,,,,,
2023-06-02,129129149269,295857040,94085665,,,,,,,,,
2023-06-03,129041347533,295791096,94116420,,,,,,,,,
2023-06-04,129032994010,297486152,94003810,,,,,,,,,
2023-06-05,129041052284,297522325,94032286,,,,,,,,,
2023-06-06,128958840319,298470675,94054386,,,,,,,,,
2023-06-07,128784631348,298289697,94230183,,,,,,,,,
2023-06-08,128552309506,298808817,94250977,,,,,,,,,
2023-06-09,128443597170,298469076,94171285,,,,,,,,,
2023-06-10,128110146754,298169338,92843659,,,,,,,,,
2023-06-11,128176926264,298505653,91461608,,,,,,,,,
2023-06-12,128175574294,298599191,91404742,,,,,,,,,
2023-06-13,128020746848,298653446,91317826,,,,,,,,,
2023-06-14,127829261317,298393033,91326384,,,,,,,,,
2023-06-15,127647093917,298150529,91110926,,,,,,,,,
2023-06-16,128585000162,297785652,91031724,,,,,,,,,
2023-06-17,128693241273,297150072,91029564,,,,,,,,,
2023-06-18,128312882860,297167738,91023050,,,,,,,,,
2023-06-19,128314431833,297083190,90960609,,,,,,,,,
2023-06-20,128496667899,297291374,90969179,,,,,,,,,
2023-06-21,128613837172,296923333,90972359,,,,,,,,,
2023-06-22,128484197338,297701784,90942668,,,,,,,,,
2023-06-23,128567276749,298063373,92221923,,,,,,,,,
2023-06-24,128571150220,298828641,92216048,,,,,,,,,
2023-06-25,128593136277,298844664,92137360,,,,,,,,,
2023-06-26,128591652482,298472378,92119700,,,,,,,,,
2023-06-27,128470586621,298644704,92053971,,,,,,,,,
2023-06-28,128297784252,299089591,92035631,,,,,,,,,
2023-06-29,128140024432,299045165,92024011,,,,,,,,,
2023-06-30,128039907313,299485913,92027642,,,,,,,,,
2023-07-01,127377398186,299890585,92031468,,,,,,,,,
2023-07-02,127401465891,299718157,92020739,,,,,,,,,
2023-07-03,127405322330,299609207,92031794,,,,,,,,,
2023-07-04,127612977448,299737899,92075405,,,,,,,,,
2023-07-05,127703384027,299354282,94401892,,,,,,,,,
2023-07-06,127589748900,300017772,94432792,,,,,,,,,
2023-07-07,127181619383,300948725,94478065,,,,,,,,,
2023-07-08,127021863776,299808029,94419706,,,,,,,,,
2023-07-09,127131844528,299613356,94370823,,,,,,,,,
2023-07-10,127127288275,299795756,94324870,,,,,,,,,
2023-07-11,126956104072,299823130,94297132,,,,,,,,,
2023-07-12,126806781066,299510561,94075423,,,,,,,,,
2023-07-13,126646992394,298430695,93897962,,,,,,,,,
2023-07-14,126816369536,298565617,93887252,,,,,,,,,
2023-07-15,126846865150,298763750,93825142,,,,,,,,,
2023-07-16,126890880057,298841826,93724990,,,,,,,,,
2023-07-17,126915297588,298873432,93585459,,,,,,,,,
2023-07-18,126732984716,299390566,93411216,,,,,,,,,
2023-07-19,126636763477,299191901,93448028,,,,,,,,,
2023-07-20,126429584886,297138836,93350169,,,,,,,,,
2023-07-21,126361024582,296477995,93379631,,,,,,,,,
2023-07-22,126202322858,297456584,93418188,,,,,,,,,
2023-07-23,126112769213,297457456,93411255,,,,,,,,,
2023-07-24,126091562676,297493919,93348051,,,,,,,,,
2023-07-25,125917346135,292115218,93332234,,,,,,,,,
2023-07-26,125813123667,292369278,93310219,,,,,,,,,
2023-07-27,125682891316,292251967,93269322,,,,,,,,,
2023-07-28,125625203422,292323117,93267835,,,,,,,,,
2023-07-29,125450729834,292239501,93276746,,,,,,,,,
2023-07-30,125742640575,291794621,93229378,,,,,,,,,
2023-07-31,125575014558,291977048,93170480,,,,,,,,,
2023-08-01,125517641815,291943972,93200871,,,,,,,,,
2023-08-02,125257332188,296976996,93262012,,,,,,,,,
2023-08-03,125108274668,297545437,93271261,,,,,,,,,
2023-08-04,124894776401,298160603,93249039,,,,,,,,,
2023-08-05,124753841269,299057296,93109436,,,,,,,,,
2023-08-06,124748909150,298480219,92901173,,,,,,,,,
2023-08-07,124773553605,298694619,92647331,,,,,,,,,
2023-08-08,124579316941,299410636,92629172,,,,,,,,,
2023-08-09,124698514900,299147688,92629173,,,,,,,,,
2023-08-10,124704542855,299063086,94444384,2213542264,,,,,,,,
2023-08-11,124493943628,298473170,94174176,2213542264,,,,,,,,
2023-08-12,124300398491,298178790,94165133,2213542264,,,,,,,,
2023-08-13,124388620692,298232584,94165888,2213542264,,,,,,,,
2023-08-14,124397425660,298198811,94123129,2213542264,,,,,,,,
2023-08-15,123995234292,298620228,94091334,2213542264,,,,,,,,
2023-08-16,123725653761,294796675,94101732,2213542208,,,,,,,,
2023-08-17,123564635772,294990649,94095564,2213542208,,,,,,,,
2023-08-18,123396848091,294487445,94069750,2213542208,,,,,,,,
2023-08-19,123028606045,294685138,93966488,2213542208,,,,,,,,
2023-08-20,123226345610,294814479,93640125,2213542208,,,,,,,,
2023-08-21,123275683020,294902300,93611691,2213542208,,,,,,,,
2023-08-22,124359281829,294352761,93602374,2213542208,,,,,,,,
2023-08-23,124279577473,294115026,93585749,2213542208,,,,,,,,
2023-08-24,124274688318,294421023,93571875,2213542208,,,,,,,,
2023-08-25,124376838472,294479457,93504825,2213542208,,,,,,,,
2023-08-26,124411535064,295306110,93501578,2213542208,,,,,,,,
2023-08-27,124496279338,295382779,93488819,2193538680,,,,,,,,
2023-08-28,124580208891,295331711,93521238,2193538680,,,,,,,,
2023-08-29,124632575917,295876450,93503869,2193538680,,,,,,,,
2023-08-30,125018997104,295520757,93596380,2213542507,,,,,,,,
2023-08-31,125166116448,295074113,93738937,2213542605,,,,,,,,
2023-09-01,125258750174,294992158,93685943,2213542816,822342,,,,,,,
2023-09-02,125129234340,295633503,93574003,2213542829,822342,,,,,,,
2023-09-03,125139389313,295712844,93495872,2213542840,822342,,,,,,,
2023-09-04,125185211467,295720220,93482095,2213542705,822342,,,,,,,
2023-09-05,124984595545,295952902,93425527,2213544334,822342,,,,,,,
2023-09-06,124471928491,296672302,93418093,2213544320,810292,,,,,,,
2023-09-07,124302326399,296411332,93682070,2213544262,810292,,,,,,,
2023-09-08,124084429761,296867406,93639822,2213544257,810292,,,,,,,
2023-09-09,124219103368,298600534,93619672,2213544204,810292,,,,,,,
2023-09-10,124267791452,298585770,93616811,2213544131,810292,,,,,,,
2023-09-11,124338851657,298516719,93599094,2213544143,663020,,,,,,,
2023-09-12,124222022706,294745339,93465368,2213544300,663020,,,,,,,
2023-09-13,124313535144,296191989,93358529,2213544410,663020,,,,,,,
2023-09-14,124357688147,296306724,93338273,2213544395,663020,,,,,,,
2023-09-15,124325963204,296629935,93280114,2213544364,663020,,,,,,,
2023-09-16,124206211477,296665703,93248278,2109042357,663020,,,,,,,
2023-09-17,124283599099,296733329,93229265,2109042366,650970,,,,,,,
2023-09-18,124320979280,296597867,93143963,2109042416,650970,,,,,,,
2023-09-19,124294796666,297182707,93148008,2109042353,650970,,,,,,,
2023-09-20,124284849332,296951116,93132126,2109042333,650970,,,,,,,
2023-09-21,124376528962,296363329,93135598,2109042330,650970,,,,,,,
2023-09-22,124414887901,296243680,93132440,2109042256,650970,,,,,,,
2023-09-23,124350373676,296670581,93115396,2109042220,650970,,,,,,,
2023-09-24,124395529890,296257361,93079842,2109042220,650970,,,,,,,
2023-09-25,124400847015,296157354,93087841,2109042257,650970,,,,,,,
2023-09-26,124182931176,295975332,93023035,2109042253,626860,,,,,,,
2023-09-27,124121223309,296352733,92906983,2109042254,626860,,,,,,,
2023-09-28,123954880296,298926644,92899957,2109042206,204266,,,,,,,
2023-09-29,124156905375,298701339,92887115,2074889166,162679,,,,,,,
2023-09-30,123801208811,299460958,92917557,2074889180,162679,,,,,,,
2023-10-01,123853966719,299365889,92905015,2074889201,162679,,,,,,,
2023-10-02,123885359157,299563556,92878329,2074889155,162679,,,,,,,
2023-10-03,124064155514,300763847,92874415,2074889367,162629,,,,,,,
2023-10-04,123916757488,301214781,92902028,2074889251,162629,240712,,,,,,
2023-10-05,123799893402,302563452,92917108,2074888306,162629,240712,,,,,,
2023-10-06,123831052322,302837558,92913880,2074888370,162629,240712,1539490336,,,,,
2023-10-07,124118441120,302845416,92865133,2074888372,162629,240712,1539490336,,,,,
2023-10-08,124191008464,302783543,92839771,2074888372,162629,240712,1539490336,,,,,
2023-10-09,124217533036,302769395,92816678,2074888372,265129,240712,1539490336,,,,,
2023-10-10,124194131543,302937572,92647196,2074888521,189754,240712,1539490336,,,,,
2023-10-11,124019765588,302628304,92302909,2074888570,189754,240712,1539490336,,,,,
2023-10-12,123805815805,296587500,92489385,2074888639,189754,240712,1539490336,,,,,
2023-10-13,123646199967,297000094,92442855,2074888660,189754,240712,1539490336,,,,,
2023-10-14,123603065612,297281168,92423450,2074888635,189754,240712,1539490336,,,,,
2023-10-15,123645283930,297367407,92338798,2074888592,189754,240712,1539490336,,,,,
2023-10-16,123712726220,297181639,92270841,2074888531,189754,240712,1539490336,,,,,
2023-10-17,123831594601,297185015,92244834,2074888438,189754,240712,1539490336,,,,,
2023-10-18,123967424931,297039984,92242807,2074888524,189754,240712,1539490336,,,,,
2023-10-19,124088499637,297649928,92238333,2074888532,189754,240712,1539490336,,,,,
2023-10-20,124776226661,297407142,91839055,2074888404,189754,240712,1539490336,,,,,
2023-10-21,124580377967,296789800,91843260,2074888326,189754,240712,1539490336,,,,,
2023-10-22,124605074550,296753911,91757899,2074888242,189754,240712,1539490336,,,,,
2023-10-23,124638733184,296490281,91758412,2074888298,189754,240712,1539490336,,,,,
2023-10-24,124624462464,296221400,91747812,2074888202,189754,240712,1539490336,,,,,
2023-10-25,124170345604,297482517,91874692,2074887989,189754,240712,1539490336,,,,,
2023-10-26,124413200139,297497225,91858507,2074887964,189754,240712,1539490336,,,,,
2023-10-27,124498841534,298372530,91857949,2074887962,189754,240712,1539490336,,,,,
2023-10-28,124338267730,206842248,91895233,2074888035,189754,240712,1539490336,,,,,
2023-10-29,124358798636,206674350,91905276,2074887980,189754,240712,1539490336,,,,,
2023-10-30,124392356973,207072001,91913120,2074887923,189754,240712,1539490336,,,,,
2023-10-31,124205708389,207486384,91847507,2074887927,189754,240712,1539490336,,,,,
2023-11-01,124215521358,207976807,91883766,2074887773,189754,240712,1979490296,,,,,
2023-11-02,124339055701,208722112,91839290,2074887766,189754,240712,1979490296,,,,,
2023-11-03,124428643402,209768117,91876187,2074888859,189754,240712,1979490296,,,,,
2023-11-04,124642014447,209188935,91862613,2074888865,189754,240712,1979490296,,,,,
2023-11-05,124791029796,209157506,91850662,2074888851,189754,240712,1979490296,,,,,
2023-11-06,124845276012,209288207,91889846,2074888806,189754,240712,1979490296,,,,,
2023-11-07,124995755197,209948096,91918303,2074888725,189754,240712,1979490296,,,,,
2023-11-08,125261153895,213544019,92024843,2074888678,189754,240712,1979490296,,,,,
2023-11-09,125267800490,215388005,92052190,2074888638,189754,240712,1979490296,,,,,
2023-11-10,125433357008,212344537,92356515,2074888638,189754,240712,1979490296,,,,,
2023-11-11,125600552648,212209273,92521064,2074888638,189754,240712,1979490296,,,,,
2023-11-12,125802244130,212612750,92491390,2074888638,189754,240712,1979490296,,,,,
2023-11-13,125854501871,212589529,91956732,2074888638,189754,240712,1979490296,,,,,
2023-11-14,125853676497,212476265,91978389,2074888638,162629,240712,1979490296,,,,,
2023-11-15,125834939536,210942814,92069986,2074888638,162629,260712,1979490296,,,,,
2023-11-16,126171946255,211066600,92113277,2074888638,162629,260712,1979490296,,,,,
2023-11-17,126308434744,210477931,92061538,2074888638,162629,260712,1979490296,,,,,
2023-11-18,126651899087,208700279,92229216,2074888638,162629,260712,1979490296,,,,,
2023-11-19,126699438917,209022439,92235243,2074888638,162629,260712,1979490296,,,,,
2023-11-20,126793153079,209113956,92217291,2074888638,162629,260712,1979490296,,,,,
2023-11-21,127119565246,208250829,91902338,2074888638,162629,260712,1979490296,,,,,
2023-11-22,127192176805,208228686,91834066,2074888725,162629,260712,1979490296,,,,,
2023-11-23,127389394066,207508580,91853823,2074888725,162629,260712,1979490296,81413,,,,
2023-11-24,127313692138,207401207,91847648,2074888725,162629,260712,1979490296,81413,,,,
2023-11-25,127860450287,207319037,91797763,2074888725,162629,260712,1979490296,79311,,,,
2023-11-26,127889727719,207334388,91796363,2074888725,162629,260712,1979490296,79311,,,,
2023-11-27,127911918263,206948046,91814009,2074888725,162629,260712,1979490296,79311,,,,
2023-11-28,127759121541,200455780,91737260,2074888725,162629,260712,1979490296,79311,,,,
2023-11-29,127993366830,207082630,91736523,2074888725,162629,260712,1979490296,79311,,,,
2023-11-30,128043422337,207376662,91708231,2074888725,162629,260712,1979490296,79311,,,,
2023-12-01,128239145510,210374504,91717723,2074888384,162629,260712,1979490296,79311,,,,
2023-12-02,128409320864,208132522,91642851,2074888384,162629,260712,1979490296,79311,,,,
2023-12-03,128441576648,208109787,91656794,2074888384,162629,260712,1979490296,79311,,,,
2023-12-04,128504323405,207987202,91641558,2074888384,162629,260712,1979490296,79311,,,,
2023-12-05,128436451593,208085191,91672662,2074888384,162629,260712,1979490296,79311,,,,
2023-12-06,128651264759,207541628,91679846,2074888384,162629,260712,1979490296,79311,,,,
2023-12-07,128667956430,207336902,91669815,2074888384,162629,260712,1979490296,79311,,,,
2023-12-08,128669597445,205754686,91655574,2074888384,162629,260712,1979490296,79311,2182952,,,
2023-12-09,128876544592,208301909,91642626,2074888384,162629,260712,1979490296,79311,2182952,,,
2023-12-10,129191136890,208339409,91639806,2074888384,162629,260712,1979490296,79311,2182952,,,
2023-12-11,129168062746,207714000,91575413,2074888384,162629,260712,1979490296,79311,2182952,,,
2023-12-12,128683071328,207244847,91510503,2074888384,162629,260712,1979490296,79311,2182952,,,
2023-12-13,128436489708,206549706,91347616,2074887775,162629,260712,1979490296,79311,2182952,,,
2023-12-14,128735941532,205906649,91336414,2074887775,162629,260712,1979490296,79311,2182952,,,
2023-12-15,128910949836,276521395,91348763,2074887775,162629,260712,1979490296,79311,2182952,,,
2023-12-16,129296613219,276653293,91345301,2074887775,162629,260712,1979490296,79311,2182952,,,
2023-12-17,129344246349,275759561,91360218,2074887775,162629,260712,1979490296,79311,2182952,,,
2023-12-18,129299067782,275708530,91302225,2074887775,162629,260712,1979490296,79311,2182952,,,
2023-12-19,129427336604,275657717,91035729,2074887775,162629,260712,1979490296,79311,2082952,,,
2023-12-20,129701152816,275531054,91248828,2074887775,162629,260712,1979490296,79311,2185532,,,
2023-12-21,129904170178,274737806,91254154,2074887775,162629,260712,1979490296,79311,2185532,,,
2023-12-22,129859001277,274423406,91232851,2074887775,162629,260712,1979490296,79311,2085532,,,
2023-12-23,130274578379,274302276,91229023,2074887775,162629,260712,1979490296,79311,2085532,,,
2023-12-24,130396070395,273645246,91223583,2074887775,162629,260712,1979490296,79311,2085532,,,
2023-12-25,130480358077,274044069,91250929,2074887775,162629,260712,1979490296,79311,2085532,,,
2023-12-26,130424637445,273989731,91254887,2074887775,150579,260712,1979490296,79311,2085532,,,
2023-12-27,130070450803,273450971,91259214,2074887775,150579,260712,1979490296,79311,2085532,,,
2023-12-28,130340310466,272609590,91261439,2074887775,150579,260712,1979490296,79311,2085532,,,
2023-12-29,130349283453,273005352,91265009,2074887132,150579,260712,1979490296,79311,2085532,,,
2023-12-30,130365505711,273237705,91251917,2074887132,150579,260712,1979490296,79311,2085532,,,
2023-12-31,130304586011,273055344,91260969,2074887132,150579,260712,1979490296,79311,2085532,,,
2024-01-01,130132943228,272919221,91255701,2074887132,150579,260712,1979490296,79311,2085532,,,
2024-01-02,130277605167,272967132,91312773,2074887132,150579,260712,1979490296,79311,2085532,,,
2024-01-03,130797696640,271732495,91342764,2074887132,150579,260712,1979490296,79311,2085532,,,
2024-01-04,131344300767,272815709,91274238,2074887132,150579,260712,1979490296,79311,2085532,,,
2024-01-05,131787115464,272549887,91318444,2074887132,150579,260712,1979490296,79311,2085532,,,
2024-01-06,132389024906,271253938,91294895,2074887132,150579,260712,1979490296,79311,2085532,,,
2024-01-07,132661556328,271281485,91312330,2074887132,150579,260712,1979490296,79311,2085532,,,
2024-01-08,132707255350,271324155,91314406,2074887132,150579,260712,1979490296,79311,2085532,,,
2024-01-09,133057560662,271404400,91306177,2074887132,150579,270712,1979490296,79311,2085532,,,
2024-01-10,133150107563,266418940,91295976,2074887132,150579,270712,1979490296,79311,2085532,,,
2024-01-11,133323621307,268037142,91320831,2074887132,150579,270712,1979490296,79311,2085532,,,
2024-01-12,133606909055,266064639,91350567,2074887132,150579,270712,1979490296,79311,2085532,,,
2024-01-13,133063607848,265661225,91315148,2074887132,150579,270712,1979490296,79311,2035532,,,
2024-01-14,133690861849,266060107,91312294,2074887132,150579,358712,1979490296,79311,2035532,,,
2024-01-15,133655973137,266061922,91316392,2074887132,150579,358712,1979490296,79311,2035532,,,
2024-01-16,133595794533,266113763,91347680,2074887132,150579,358712,1979490296,79311,2035532,,,
2024-01-17,133520834105,266685713,91378867,2074887132,150579,358672,1979490296,79311,2035532,,,
2024-01-18,134142787406,265934823,91387290,2074887132,150579,358672,1979490296,79311,2035532,,,
2024-01-19,133516663240,264635648,91444259,2074887132,150579,358672,1979490296,79311,2035532,,,
2024-01-20,133095019390,263985438,91290298,2074887132,150579,358672,1979490296,79308,2035532,,,
2024-01-21,133157787014,263884999,91421141,2074887132,150579,358672,1979490296,79308,2035532,,,
2024-01-22,133627229133,264369647,91411026,2074887132,150579,358672,1979490296,79311,2035532,,,
2024-01-23,133632443260,264156153,91425666,2074887132,150579,358672,1979490296,79311,2035532,,,
2024-01-24,134322517621,264322841,91436460,2074881727,150579,358672,1979490296,79311,2035532,,,
2024-01-25,134428454725,266981930,91472894,2074881727,150579,358672,1979490296,79311,2035532,211178,,
2024-01-26,134563477880,268552321,91476098,2074881727,150579,358672,1979490296,79311,2035532,1241494,,
2024-01-27,134859248725,268672381,91625966,2074881727,150579,358672,1979490296,79311,2035532,1241494,,
2024-01-28,134918495797,268643090,91627436,2074881727,150579,358672,1979490296,79311,2035532,1241494,,
2024-01-29,134948740729,268607646,91630655,2074881727,150579,358672,1979490296,79311,2035532,1241494,,
2024-01-30,135190554358,268968831,91636317,2074881727,150579,358672,1979490296,79311,2035532,1241494,,
2024-01-31,135148780788,268547409,91652788,2074881727,150579,358672,1979490296,79311,2035532,1324219,,
2024-02-01,135345754905,269243635,91303696,2074881292,150579,358672,1979490296,79311,2035532,1324219,,
2024-02-02,135304890139,266977343,91643201,2074881554,150579,358672,1979490296,79311,2035532,1324219,,
2024-02-03,135420393837,268017118,91653486,2074881554,150579,358672,1979490296,79311,2035532,1324219,,
2024-02-04,135419056458,268166679,91661739,2074881554,150579,358672,1979490296,79311,2035532,1324219,,
2024-02-05,135469422267,268068159,91653007,2074881554,150579,358672,1979490296,79311,2035532,1324219,,
2024-02-06,135434403228,267137121,91662411,2074881269,150579,358672,1979490296,79311,2035532,1324219,,
2024-02-07,135623278370,268032112,91644246,2074778108,150579,358672,2500000000,79311,2035532,1324219,,
2024-02-08,135750931629,267787095,91644912,2074778057,150579,358672,2500000000,79311,2035532,1324219,,
2024-02-09,136110709915,268077260,91650670,2054783680,150579,358975,2500000000,79311,2035532,1324219,,
2024-02-10,136440559127,266774389,91678731,2074780474,150579,358975,2500000000,79311,2035532,1324219,,
2024-02-11,136618440994,266934311,91684759,2074780413,150579,358975,2500000000,79311,2035532,1324219,,
2024-02-12,136742574643,266534275,91666918,2054783680,150579,359131,2500000000,79311,2035532,1324219,,
2024-02-13,136501849160,266580910,91692107,2074862538,150579,359131,2500000000,79311,2035532,1324219,,
2024-02-14,136701164571,266807034,91765582,2074760857,150579,359131,2500000000,79311,2035532,1349219,,
2024-02-15,137046709635,266832494,91789348,2074757796,150579,359131,2500000000,79311,2035532,1349219,,
2024-02-16,137537108509,266141690,91799080,2074758924,150579,359131,2500000000,79311,2035532,1349219,,
2024-02-17,137750903308,265949757,91758042,2074758542,150579,359131,2500000000,79311,2035532,1349219,,
2024-02-18,137899380232,265882182,91809938,2074759526,150579,359131,2500000000,79311,2035532,1349219,,
2024-02-19,137905011923,265842021,91888334,2074757689,150579,359131,2500000000,79311,2035532,1349219,,
2024-02-20,137961080744,266145584,91908424,2074722954,150579,359131,2500000000,79311,2035532,1349219,,
2024-02-21,138043388626,266460039,91896867,2074724812,150579,359131,2500000000,79311,2035532,1349219,,
2024-02-22,138200989798,266865748,91898398,2074738060,150579,359131,2500000000,79311,2035532,1349219,,
2024-02-23,138415279323,266042887,91918244,2074747597,150579,359131,2500000000,79311,2035532,1349219,,
2024-02-24,138765756281,266137556,91924546,2074746539,150579,359131,2500000000,79311,2035532,1349219,,
2024-02-25,138837935026,266070328,91918302,2074771124,150579,359131,2500000000,79311,2035532,1349219,,
2024-02-26,138883364731,266141449,91971296,2074775159,150579,359131,2500000000,79311,2035532,1349219,,
2024-02-27,139392997774,265068477,91979929,2074777186,150579,359131,2500000000,79311,2035532,1349219,,
2024-02-28,139660364175,265267113,91988694,2074777057,150579,359131,2500000000,79311,2035532,1349219,,
2024-02-29,140286227895,265971909,91978928,2074776892,150579,359131,2500000000,79311,2035532,1347219,,
2024-03-01,140641407520,266195405,92047565,2051218998,150579,359131,2700000000,79311,2035532,1347219,,
2024-03-02,141152703025,265168620,88271678,2074776818,150579,359131,2700000000,79311,2035532,1347219,,
2024-03-03,141402119915,265297764,88262159,2074778088,150579,359131,2700000000,79311,2035532,1347219,,
2024-03-04,141498699044,264650206,88185394,2074778392,150579,362931,2700000000,79311,2035532,1347219,,
2024-03-05,141886697962,264053505,88219393,2074778596,150579,362931,2700000000,79311,2035532,1347219,,
2024-03-06,142003437290,260728181,88238843,2074779298,150579,362931,2900000000,79311,2035532,1347219,2255456,
2024-03-07,142671096836,262740673,92701862,2074777118,150579,362931,2900000000,79311,2035532,1348219,2255456,
2024-03-08,142741539350,261502341,92870355,2074777142,150579,362931,2900000000,79311,2035532,1348219,2257862,
2024-03-09,143952758737,262205383,92889200,2074777224,150579,362931,2900000000,79311,2035532,1348219,2257862,
2024-03-10,144227685159,262204249,92946501,2074777054,150579,362931,2900000000,79311,2035532,1348219,2257862,
2024-03-11,144742831556,262240066,100124156,2074777752,150579,362931,2900000000,79311,2035532,1348219,2257862,
2024-03-12,145522855589,261625752,100029339,2074777572,150579,362931,2900000000,79311,2035532,1348219,2444959,
2024-03-13,145568468599,261819847,100178321,2074777835,150579,366731,2900000000,79311,2035532,1348219,2495473,
2024-03-14,146246446010,261397031,100251325,2074777031,150579,366731,2900000000,79311,2035532,1348219,1934353,
2024-03-15,146304042580,260665403,100147473,2074778391,150579,366731,2900000000,79311,2035532,1348219,1885353,
2024-03-16,146379060569,249970051,100078488,2074778662,150579,366731,2900000000,79311,2035532,1348219,1892353,
2024-03-17,146596536238,250325885,99987428,2074779125,121639,366731,2900000000,79311,2035532,1348219,1892353,
2024-03-18,146495658134,250546536,99996934,2074779369,121639,366731,2900000000,79311,2035532,1348219,1892353,
2024-03-19,147135432463,250379626,99986821,2074585231,121639,366731,2900000000,79311,2035532,1344670,2190195,
2024-03-20,146982181677,250366280,99952612,2074571600,121639,366731,2900000000,79311,2035532,1348219,2138179,
2024-03-21,147033659829,251424888,99991312,2188261059,121639,366731,3100000000,79311,2035532,1339322,2183679,
2024-03-22,147651098377,251880310,99805779,2188242652,121639,366731,3100000000,79311,2035532,1341137,2183679,
2024-03-23,147896141393,251381579,99804710,2238575262,121639,366731,3100000000,79311,2035532,1348219,2208889,
2024-03-24,148011316539,251722620,99733096,2238569957,121639,366731,3100000000,79311,2035532,1348219,2208889,
2024-03-25,148095345700,251979261,99780583,2238517784,121639,366731,3100000000,79311,2035532,1348219,2208889,
2024-03-26,149268916735,251739825,99824760,2238519259,121639,366731,3100000000,79311,2035532,1348219,2320923,
2024-03-27,149544384809,251649909,99790600,2238507632,121639,366731,3100000000,79311,2035532,1358866,2229015,
2024-03-28,149385298329,252314738,99816433,2238507766,121639,366731,3100000000,79311,2035532,1348219,2287271,
2024-03-29,149837868988,252241683,99834173,2238507070,121639,366731,3100000000,79311,2035532,1368219,2323890,
2024-03-30,150054261120,249941110,99772419,2238506863,121639,366731,3100000000,79311,2035532,1368219,2323890,
2024-03-31,150059072935,249146458,99774198,2238506889,121639,366731,3100000000,79311,2035532,1368219,2323890,
2024-04-01,149978141974,248393492,99798134,2238507734,121639,366731,3100000000,79311,2035532,1368219,2323890,
2024-04-02,150521190029,248622382,99608933,2238508191,121639,366731,3100000000,79311,1935532,1363258,2323890,
2024-04-03,151410244622,248307685,99582163,2238508626,121639,366731,3100000000,79311,2035532,1368219,2452707,
2024-04-04,152451654462,248777827,99403553,2238507952,121639,366731,3100000000,79311,2035532,1313219,2316560,
2024-04-05,153482834901,243694705,99431854,2238506266,121639,366731,3100000000,79311,2035532,1339219,2544655,
2024-04-06,154337349589,244149280,99493370,2238506033,121639,362931,3100000000,79311,2035532,1339219,2544655,
2024-04-07,154543489713,244205622,99205758,2238507557,121639,362931,3100000000,79311,2035532,1339219,2544655,
2024-04-08,154524867877,243627560,99187618,2238509443,121639,362931,3100000000,79311,2035532,1339219,2544655,
2024-04-09,154290358028,243718212,99202154,2238509463,121639,362931,3100000000,79311,2035532,1339219,2192247,
2024-04-10,153979617153,242055192,94058331,2238259595,121639,362931,3100000000,79311,2035532,1339219,1752831,
2024-04-11,153986054480,244947106,98909479,2238259660,121639,370781,3100000000,79311,2035532,1339219,1758965,
2024-04-12,154152494758,242653544,98924102,2400621397,121639,370781,3100000000,79311,2035532,1339219,1789621,
2024-04-13,154644247058,242484146,98590976,2400622144,121639,370781,3100000000,79311,2035532,1339319,1777838,
2024-04-14,155494113743,243199739,98402370,2400622487,121639,366931,3100000000,79311,2035532,1339319,1777838,
2024-04-15,155408864633,243386530,96736255,2400547826,121639,366931,3100000000,79311,2035532,1339319,1777838,
2024-04-16,155834204377,241353351,96653673,2400547972,121639,366931,3100000000,79311,2035532,1339319,1880304,
2024-04-17,156746664521,241217011,96783988,2401014359,121639,372706,3100000000,79311,2035532,1339319,1515145,
2024-04-18,154704398727,246886579,96716847,2401014468,121639,372706,3100000000,79311,2035532,1339319,1515595,
2024-04-19,157706828407,244863006,96860187,2327014425,121639,372706,3100000000,79311,2035532,1339319,1515595,
2024-04-20,156529188716,242544524,96748213,2327264096,121639,372706,3100000000,79311,2035532,1339319,1539065,
2024-04-21,156617149530,235021991,100237071,2339263832,121639,372705,3100000000,79311,2035532,1339319,1539065,
2024-04-22,158901234532,235056957,100207253,2301116346,121639,372704,3100000000,79311,2035532,1339319,1539065,
2024-04-23,159334754022,234592592,100080588,2336272744,121639,372704,3100000000,79311,2035532,1299443,1709378,
2024-04-24,159341859759,234348863,100385610,2336234882,121639,372704,3100000000,79311,2035532,1365433,1709378,
2024-04-25,159846852261,234334410,100251239,2336271375,121639,372704,3100000000,79311,1935532,1365433,1709378,
2024-04-26,159896021774,233886203,101175736,2297292436,121639,372704,3100000000,79311,1935532,1365433,1709378,
2024-04-27,159884964292,233939665,101156621,2332518967,121639,372704,3100000000,79311,1935532,1365433,1722153,
2024-04-28,159962716081,233367617,101142391,2332518978,121639,372704,3100000000,79311,1935532,1365433,1722153,
2024-04-29,159949318511,233282210,101282983,2332519047,121639,372704,3100000000,79311,1935532,1365433,1722153,
2024-04-30,159737334730,233903722,101247437,2333119312,121639,372704,3100000000,79311,1935532,1365433,1747153,
2024-05-01,159791137533,234436236,104325503,2332819479,121639,372704,3100000000,79311,1935532,1365433,1880025,
2024-05-02,159560241825,233043680,104819877,2336682646,121639,372704,3100000000,79311,1935532,1365433,1794725,
2024-05-03,159495564234,231769039,104817905,2336682920,121639,372704,3100000000,20021,1935532,6368433,1834417,
2024-05-04,159936220025,230815426,104811485,2301525506,121639,372704,3100000000,20021,2135532,6368433,1702441,
2024-05-05,160308378837,230672147,104412993,2336682671,121639,372704,3100000000,20021,2135532,6368433,1702441,
2024-05-06,160355961075,230619180,104450027,2336682714,121639,372704,3100000000,20021,2135532,6368433,1702441,
2024-05-07,160458764837,228277099,104462444,2336682633,121639,372704,3100000000,20021,2135532,6368433,1702441,
2024-05-08,160454497416,227803215,104429501,2336762712,121639,372704,3100000000,3992,2135532,6368433,1702441,
2024-05-09,160296506338,226974170,104421209,2301605506,121639,372704,3100000000,3992,2135532,6368433,1712441,
2024-05-10,160278588399,227483322,104502509,2301605506,121639,382704,3100000000,3992,2135532,6368433,1720441,
2024-05-11,160185593662,226430391,104471902,2301605506,121639,382704,3100000000,3992,2135532,6368433,1690976,
2024-05-12,160208930162,226714890,104460278,2336763993,121639,382704,3100000000,3992,2135532,6368433,1690976,
2024-05-13,160209330352,226597912,104415506,2336763991,121639,382704,3100000000,3992,2135532,6368433,1690976,
2024-05-14,160269867734,226263269,104409665,2301605506,121639,382704,3100000000,3992,2135532,6368433,1695441,
2024-05-15,160062557414,227387138,104370830,2301605506,121639,382704,3100000000,3992,2135532,6368433,1700541,
2024-05-16,160619677784,226168329,104447037,2301558506,121639,382704,3100000000,3992,2135532,6368433,1695550,
2024-05-17,160767994359,225292340,104437794,2301593506,121639,382704,3100000000,3992,2135532,6368433,1695550,
2024-05-18,161041613654,223685257,104423000,2336751666,121639,382704,3100000000,3992,2035532,6368433,1703070,
2024-05-19,161326424530,223657604,104357446,2336751668,121639,382704,3100000000,3992,2035532,6368433,1703070,
2024-05-20,161307960450,223536139,104363001,2336751763,121639,382704,3100000000,3992,2035532,6368433,1703070,
2024-05-21,160991988661,218947709,101143836,2335685464,121639,382704,3100000000,3992,2035532,6368433,1703070,
2024-05-22,161064729644,218453874,101110252,2335685072,121639,382704,3100000000,3992,2035532,6368433,1794640,
2024-05-23,161109829152,218538164,101021985,2309085180,121639,382704,3100000000,3992,2035532,6368433,1794640,
2024-05-24,160921018590,222411972,100950766,2273829376,121639,382704,3100000000,3992,2035532,6368433,1801710,
2024-05-25,161070698435,222575975,100939283,2308987562,121639,382704,3100000000,3992,2035532,6368433,1801710,
2024-05-26,161053020934,222631356,100954871,2308987434,121639,382704,3100000000,3992,2035532,6368433,1801710,
2024-05-27,160967342255,222483154,100952836,2313067466,121639,382704,3100000000,3992,2035532,6368433,1801710,
2024-05-28,160987182568,222803949,100956722,2313067480,121639,382704,3100000000,3992,2035532,6368433,1679271,
2024-05-29,160678722696,223469395,100978946,2313067635,121639,382704,3100000000,3992,1835532,6368433,1862329,
2024-05-30,160315741245,223903574,100927809,2313067650,121639,382704,3100000000,3992,2135532,6368433,1862329,
2024-05-31,160450999941,224679068,101012819,2277909376,121639,382704,3100000000,3992,2135532,6368433,1691653,
2024-06-01,160585184002,225278424,100976903,2286909376,121639,382704,3100000000,3992,2135532,6405785,1691653,
2024-06-02,160636937291,225263516,100939316,2286909376,121639,382704,3100000000,3992,2135532,6405785,1691653,
2024-06-03,160569932563,225413456,100962566,2322067748,121639,382704,3100000000,3992,2035532,6405785,1691653,
2024-06-04,160896776233,214095897,101011184,2322065700,121639,382704,3100000000,3992,2035532,6405785,1691653,
2024-06-05,160978401985,214289782,101067547,2322065949,121639,382704,3100000000,3992,2035532,6405885,1677283,
2024-06-06,161293595238,215293097,100474374,2322065787,121639,382704,3100000000,3992,2035532,6405810,1677283,
2024-06-07,161465836170,221655540,100465803,2322065906,121639,382704,3100000000,3992,1985532,6405960,1631850,
2024-06-08,161591182196,218844081,100355382,2322066080,121639,382704,3100000000,3992,2135532,6405960,1591799,
2024-06-09,161611806103,219869466,100300726,2321994698,121639,382704,3100000000,3992,2135532,6405960,1591799,
2024-06-10,161705260778,220518016,100310313,2322019409,121639,382704,3100000000,3992,2135532,6405960,1591799,
2024-06-11,161587255237,220698637,100318999,2322116454,121639,382704,3100000000,3992,2135532,6405960,1591799,
2024-06-12,161391457174,220115969,100344475,2246949376,121639,382704,3100000000,3992,2135532,6405960,1967021,
2024-06-13,161722371653,219880252,100311880,2321518842,121639,382704,3100000000,3992,2035532,6405960,1967021,
2024-06-14,161855550915,219846393,100237021,2336719145,121639,382704,3100000000,3992,2035532,6405960,1967021,
2024-06-15,161825771700,219279807,99808110,2336720152,121639,382704,3100000000,3992,2035532,6405960,2408011,
2024-06-16,161593693724,219287566,99722998,2335882166,121639,382704,3100000000,3992,2035532,6405960,2408011,
2024-06-17,161640979936,219306493,99722177,2335877236,121639,382704,3100000000,3992,2035532,6405960,2408011,
2024-06-18,161515966304,219304348,99715994,2351177253,121639,382704,3100000000,3992,1985532,6405960,2408011,
2024-06-19,161835315997,217526875,99627632,2351077310,121639,382704,3100000000,3992,1985532,6446406,2166309,
2024-06-20,161825622692,219325373,99675044,2351177854,121639,382704,3100000000,3992,1985532,6446406,2549810,
2024-06-21,161896512919,219631202,99623993,2351177334,121639,382704,3100000000,3992,1985532,6446406,2136249,
2024-06-22,161899692132,219493650,99590836,2305175700,121639,382704,3100000000,3992,1985532,6446406,1969614,
2024-06-23,162003747331,219176382,99810413,2305176360,121639,382704,3100000000,3992,1985532,6446406,1969614,
2024-06-24,161975958257,219135858,99799158,2304936479,121639,382704,3100000000,3992,1985532,6446406,1969614,
2024-06-25,161742032549,218968099,99851828,1869972128,121639,382704,3100000000,3992,1985532,6446406,2588477,
2024-06-26,161859598602,216233871,100446743,1868992040,121639,382704,3100000000,3992,1985532,6446406,2494869,
2024-06-27,161945434880,218560851,100408304,1869091092,121639,382704,3100000000,3992,1985532,6446406,2494869,
2024-06-28,161720327790,219568934,100421571,1869751538,121639,382704,3100000000,3992,1985532,6446406,1864501,
2024-06-29,161456905865,220378333,100402003,1754584376,121639,382704,3100000000,3992,1985532,6446406,1972359,
2024-06-30,161547678417,220349068,100401878,1869751704,121639,382704,3100000000,3992,1985532,6446406,1972359,
2024-07-01,161309915083,220297014,100536937,1869751781,121639,382704,3100000000,3992,1985532,6446406,1972359,
2024-07-02,161527814411,220010996,100541165,1869751631,121639,382704,3100000000,6191,1985532,6446406,1644653,
2024-07-03,161427046352,223465354,100396162,1702428376,121639,382704,3100000000,6191,1985532,6446406,1644653,2655759
2024-07-04,161632731814,222595299,100316047,1817695718,121639,382704,3100000000,7192,1985532,6446406,2129377,2636854
2024-07-05,161578406621,221316041,100296806,1817035752,121639,392704,3100000000,7192,1985532,6446406,1765885,2571545
2024-07-06,162033118394,220633607,100230247,1817036031,121639,399129,3100000000,7192,1985532,6446406,1765885,2631225
2024-07-07,162251679570,220617547,99252166,1817036279,121639,399129,3100000000,7192,1985532,6446406,1765885,2644118
2024-07-08,162235118567,220721694,99198487,1817033624,121639,399129,3100000000,7192,1985532,6446406,1765885,2610087
2024-07-09,162316492103,220703209,99203288,1817037186,121639,399129,3100000000,7192,1985532,6446406,2054756,2620444
2024-07-10,162467713011,220669875,99511578,1816934819,121639,399129,3100000000,7192,1985532,6446406,2103088,2600582
2024-07-11,162688064884,218263986,99470123,1816934904,121639,399129,3100000000,7192,1985532,6446406,1863948,2613295
2024-07-12,162641976680,216604886,98576039,1816934895,121639,399129,3100000000,9190,1860532,6854599,2595154,2662220
2024-07-13,162048213651,216273952,98615156,1816933521,121639,399129,3100000000,9190,1860532,6854099,2892343,2662504
2024-07-14,162840302329,216205202,98613981,1817033838,121639,399129,3100000000,9190,1860532,6860979,2892343,2684324
2024-07-15,162888777120,216534393,98614227,1817034022,121639,399129,3100000000,9190,1860532,6866844,2892343,2702143
2024-07-16,163171033404,216273513,98630513,1701768376,121639,399129,3100000000,9190,1860532,6873077,3781348,2662755
2024-07-17,163620427006,215839347,98973407,1817034012,121639,399129,3100000000,9190,1860532,6874785,2774712,2649745
2024-07-18,163798795431,216724010,98985221,1701768376,121639,399129,3100000000,9190,1860532,6916544,3078815,2754191
2024-07-19,163788721722,216680375,98919754,1701768376,121639,399129,3100000000,9190,1860532,7111343,3406516,2740411
2024-07-20,164271192391,216598098,98909784,1817035673,121639,399129,3100000000,9189,1860532,7047303,3406516,2741752
2024-07-21,164703230476,216539348,98933059,1817107677,121639,399129,3100000000,9189,1860532,7049829,3406516,2758035
2024-07-22,164578658959,216479467,98957396,1817096279,121639,399129,3100000000,9189,1860532,7049964,3406516,2739323
2024-07-23,164765904772,215851213,98938278,1817196272,121639,399129,3100000000,9189,1860532,7125042,1708667,3216380
2024-07-24,165094110152,216123779,98918607,1817192670,121639,399129,3100000000,9189,1860532,7147656,1467577,3265202
2024-07-25,164892175245,215391787,98227120,1817192525,121639,399129,3100000000,9189,1860532,7106534,1515719,3250422
2024-07-26,164406953715,215590008,98532586,1821206396,121639,399129,3100000000,9189,1860532,7158590,1515719,3253751
2024-07-27,164679098085,215149043,98946870,1705848376,121639,399129,3100000000,9189,1860532,7160726,1830219,3321994
2024-07-28,164795896973,214515359,98948342,1821213165,121639,399129,3100000000,9189,1860532,7158290,1830219,3327724
2024-07-29,164770874570,214450622,98974783,1705848376,121639,399129,3100000000,9189,1860532,7192365,1830219,3328088
2024-07-30,164391799291,215164475,98942180,1705848376,121639,399129,3100000000,9189,1860532,7177531,1369303,3166580
2024-07-31,164251997357,216337185,98940639,1821212531,121639,399129,3100000000,9189,1860532,7167547,3169303,3216709
2024-08-01,164167524229,217816857,98568138,1821197919,121639,399129,3100000000,9189,1860532,7181305,3169303,3607893
2024-08-02,163753435656,215142528,98555747,1821198781,121639,399129,3100000000,9189,1860532,7173823,1245845,3958986
2024-08-03,163839193229,214490292,98134158,1700748376,121639,399129,3100000000,9189,1860532,7125789,1422793,3902898
2024-08-04,163911932345,214449274,98109823,1814999574,121639,399129,3100000000,9189,1860532,7145545,1422793,3860772
2024-08-05,164054085113,213531617,98030563,1793901039,121639,399129,3100000000,9189,1860532,7137350,1422793,3811275
2024-08-06,164126098252,212333691,97992482,1785066050,121639,399129,3100000000,9189,1860532,6991677,2314072,3362456
2024-08-07,164732275866,213073509,98019381,1782012708,121639,399129,3100000000,9189,1860532,6977851,1464251,3218232
2024-08-08,165362453799,214232637,98484337,1782013732,121639,399129,3100000000,9189,1860532,6965280,1552064,3208126
2024-08-09,165819870110,213780494,98555496,1782013726,121639,399129,3100000000,9189,1860532,6970404,1631825,3092158
2024-08-10,165931803663,213116411,98536568,1781478898,121639,399129,3100000000,9189,1860532,6971822,1600022,2974891
2024-08-11,166048838487,212952972,98529974,1780482117,121639,399129,3100000000,9189,1860532,6974366,1600022,3000451
2024-08-12,166017717679,213105466,98524631,1781171639,121639,399129,3100000000,9189,1860532,6977884,1600012,3018038
2024-08-13,166336728605,220142520,98536226,1781171341,121639,399129,3100000000,9189,2260532,6983240,1600012,2951485
2024-08-14,166669261193,218578956,98559538,1665109429,121639,399129,3100000000,9189,1960532,7000227,1623112,2921474
2024-08-15,167188761441,258819922,98495668,1665109429,121639,399129,3100000000,9189,1960532,7012653,1639112,2918101
2024-08-16,167564753027,230106626,98395688,1781487712,121639,399129,3100000000,9189,1960532,7018501,1890097,2999194
2024-08-17,168128845149,229674956,97912304,1782087908,121639,399129,3100000000,9189,1910532,7019502,1890097,2943927
2024-08-18,168218204531,229591780,97952314,1782087991,121639,399129,3100000000,9189,1910532,7020239,1890097,3000761
2024-08-19,168243603529,229570665,97493409,1782087990,121639,399129,3100000000,9189,1910532,7016999,1890097,3035001
2024-08-20,168446688003,228807072,97683007,1762088041,121639,399129,3100000000,9189,1910532,7126818,1766198,2921413
2024-08-21,168694660346,228084005,97712217,1762388056,121639,399129,3100000000,9189,1860532,7140993,2197033,3232885
2024-08-22,169143640949,227735183,97736139,1646125566,121639,399129,3100000000,9189,1860532,7165883,1279789,3329527
2024-08-23,169252664627,227076184,97886676,1762286599,121639,399129,3100000000,9189,1860532,7172685,1733769,3610325
2024-08-24,169969766256,228108475,97953671,1646125566,121639,399129,3100000000,9189,1860532,7175997,1733769,3415494
2024-08-25,170025889610,228086067,98073816,1762286276,121639,399129,3100000000,9189,1860532,7177733,1733769,3421520
2024-08-26,169989664423,228121792,98046633,1646125566,121639,399129,3100000000,9189,1860532,7178366,1733769,3428181
2024-08-27,170033104640,227680738,97992339,1762256165,121639,399129,3100000000,9189,1810532,7179655,1153151,3286614
2024-08-28,169719212974,229591208,98005951,1646125566,121639,399129,3100000000,9189,1710532,7177658,1031485,3367844
2024-08-29,169880086287,231123140,98016245,1762256108,121639,399129,3100000000,9189,1710532,7120319,1246817,3533773
2024-08-30,170313782134,231967457,97989004,1646125566,121639,399129,3100000000,9189,1710532,7102661,3365577,3695695
2024-08-31,170191753129,231564396,97942816,1762260236,121639,399129,3100000000,9189,1760532,7099662,3532018,3744738
2024-09-01,170196086526,231180919,97764296,1762260588,121639,399129,3100000000,9189,1760532,7100435,3532018,3727043
2024-09-02,170190708896,231075331,97735106,1762058149,121639,399129,3100000000,9189,1760532,7090505,3532018,3728177
2024-09-03,170073939223,232163844,97754990,1762056615,121639,399129,3100000000,9187,1710532,7089508,3532018,3691481
2024-09-04,169853685516,231594600,97756365,1762059557,121639,399129,3100000000,9187,1710532,7089611,3900211,3635427
2024-09-05,169980548792,231840204,97752841,1762059748,121639,399129,3100000000,9187,1660532,7072519,4124691,3650006
2024-09-06,169911274472,231599403,97787950,1762061892,121639,399129,3100000000,9187,1660532,7067897,1000075,3378178
2024-09-07,169883522934,232132577,98035569,1762059895,121639,399129,3100000000,9187,1660532,7054774,1177371,3527184
2024-09-08,170011190604,232303804,98036836,1762061975,121639,399129,3100000000,9187,1660532,7052224,1177371,3571760
2024-09-09,170050088925,232344006,98084383,1761923903,121639,399129,3100000000,9187,1660532,7049577,1177371,3567645
2024-09-10,170360214764,232344060,98122188,1761923410,121639,399129,3100000000,9187,1660532,7066194,1345218,3117042
2024-09-11,170564177868,235403392,98138966,1761923409,121639,399129,3100000000,9187,1660532,7058924,1499816,3367855
2024-09-12,170601454879,234099346,98317838,1645284972,121639,399129,3100000000,9187,1660532,7058980,1197192,3428288
2024-09-13,170367528042,233573889,98339374,1645284972,121639,399129,3100000000,9187,1610532,7058544,1373237,3344140
2024-09-14,171109573238,233529395,98339762,1761022217,121639,399129,3100000000,9187,1610532,7066412,1373237,2960941
2024-09-15,171570435371,233590999,98350259,1761022231,121639,399129,3100000000,9187,1610532,7063491,1373237,3044673
2024-09-16,171309491773,233650310,98326694,1761022613,121639,399129,3100000000,9187,1610532,7061545,1569689,3067100
2024-09-17,171123005816,231833459,98296330,1761032876,121639,399129,3100000000,9187,1610532,7060332,1569689,2850368
2024-09-18,171436108021,232378124,98324452,1761033175,121639,399129,3100000000,9187,1610532,7056458,1277519,2797561
2024-09-19,171471689965,232445030,98356545,1645184972,121639,399129,3100000000,9187,1610532,7046143,1308118,2961018
2024-09-20,172051373974,232514740,98402943,1761033421,121639,399129,3100000000,9187,1610532,7021715,1408520,2842082
2024-09-21,172280120600,233201675,98428063,1761029017,121639,399129,3100000000,9187,1610532,7010206,2708520,3248552
2024-09-22,172343164280,233125156,98335282,1761029106,121639,399129,3100000000,9187,1610532,7020011,2708520,3375766
2024-09-23,172408973975,233242092,98303141,1761029609,121639,399129,3100000000,9187,1610532,7017500,2708520,3477504
2024-09-24,172561602201,233648526,98279332,1761029469,121639,399129,3100000000,9187,1610532,7036765,1750513,3540901
2024-09-25,172649702260,235334869,98291011,1761027474,121639,399129,3100000000,9187,1610532,7043678,2213926,3191838
2024-09-26,172827474139,236881644,98188464,1761027726,121639,399129,3100000000,9187,1610532,7119808,2213926,3605035
2024-09-27,173055940177,236458439,98241671,1761030552,121639,399129,3100000000,9187,1610532,7177752,2213926,3092934
2024-09-28,173022108181,239194180,97330716,1761027181,121639,399129,3100000000,9187,1610532,7120861,2213926,3129303
2024-09-29,173014326096,238769126,97349295,1761025606,121639,399129,3100000000,9187,1610532,7119673,2213926,3241610
2024-09-30,173226503392,238614095,97351618,1761825899,121639,399129,3100000000,9187,1610532,7127832,2213926,3356847
2024-10-01,172464580895,240847512,97423159,1761825989,121639,399129,3100000000,9185,1610532,7133372,13766609,3148119